"","AAA","AAC","AAG","AAT","ACA","ACC","ACG","ACT","AGA","AGC","AGG","AGT","ATA","ATC","ATG","ATT","CAA","CAC","CAG","CAT","CCA","CCC","CCG","CCT","CGA","CGC","CGG","CGT","CTA","CTC","CTG","CTT","GAA","GAC","GAG","GAT","GCA","GCC","GCG","GCT","GGA","GGC","GGG","GGT","GTA","GTC","GTG","GTT","TAA","TAC","TAG","TAT","TCA","TCC","TCG","TCT","TGA","TGC","TGG","TGT","TTA","TTC","TTG","TTT","target"
"hCoV-19/USA/DE-DHSS-B1099435/2021|EPI_ISL_14794040|2021-05-24",661,441,439,567,605,286,125,497,456,217,237,355,352,253,548,581,517,347,312,365,261,81,48,257,68,69,57,127,405,203,372,557,389,260,217,331,278,127,66,384,203,161,100,332,348,195,409,519,542,465,296,471,397,153,82,399,470,408,402,657,669,380,608,727,"alpha"
"hCoV-19/USA/DE-DHSS-B1099455/2021|EPI_ISL_14794041|2021-05-30",887.5,613,578,755,802,373,163,671,599,298,322,502,471,340,719,767,700,453,435,482,349,112,71,342,91,96,74,168,553.5,287,492,738.5,531,337,288,438,374,183,86,517,274,222,131,453,464,264,549,700,715,606,420,623,545,206,109,541,630,544,553,854,875.5,510,821,1001,"alpha"
"hCoV-19/USA/DE-DHSS-B1099468/2021|EPI_ISL_14794042|2021-06-02",880,607,576,752,797,369,163,672,598,297,323,498,468,339,715,762,696,453,430,481,344,111,71,339,93,95,74,168,552,286,491,733,530,338,290,434,373,182,87,512,276,221,131,449,459,262,542,698,709,603,419,617,546,203,109,539,626,541,549,846,869,510,814,990,"alpha"
"hCoV-19/USA/DE-DHSS-B1099485/2021|EPI_ISL_14794046|2021-05-27",881,606,576,754,795,370,162,672,598,297,324,499,465,339,711,762,696,452,429,477,345,112,72,341,94,96,75,167,554,285,487,733,532,337,294,430,371,185,88,509,278,221,132,447,459,260,543,696,708,603,419,616,543,204,110,537,623,539,547,845,868,510,813,991,"alpha"
"hCoV-19/USA/PA-DHSS-B1099486/2021|EPI_ISL_14794047|2021-05-28",696,471,461.5,556,602,271,130,510,461,230.5,250.5,379,346,271,552,569,537.5,342,321.5,360,249,82,55,253,69,75,57,138,407,216,382,573,408,250,221,336,293,133,70,399,208,171.5,101,342,362,203,411,534,544,450,316,486,417,153,84,416,477,418,414,651,681,380,615,751,"alpha"
"hCoV-19/USA/DE-DHSS-B1099495/2021|EPI_ISL_14794049|2021-06-03",587,406,395.5,511,544,256,117,436,404,198.5,228.5,331,338,221,495,510,482.5,305,298,322,233.5,76,51,224,62,69,54,121,364.5,197,313,488.5,342.5,225,191,305,265.5,116,59,357,187.5,159,95,303,331,180.5,360,462.5,487.5,417,276.5,426,364.5,136.5,79,346,410,371,367,579,573.5,327.5,559,653,"alpha"
"hCoV-19/USA/DE-DHSS-B1099503/2021|EPI_ISL_14794051|2021-06-03",669,467,438,552,593,264,132,500,453,231,232,374,363,244,547,561,526,314,330,345,247,85,52,259,71,75,58,138,409,213,378,559,388,250,210,352,281,142,70,401,204,174,101,330,355,198,408,532,544,458,311,466,394,152,88,399,472,414,418,651,652,378,622,757,"alpha"
"hCoV-19/USA/DE-DHSS-B1099504/2021|EPI_ISL_14794052|2021-06-02",651,459,436,546,586,259,133,494,447,232,230,373,359,238,540,559,523,312,326,344,246,84,51,254,70,77,59,137,404,207,376,552,381,245,211,347,285,140,70,402,197,176,100,327,348,202,405,529,538,456,308,459,388,152,89,389,470,412,411,647,650,371,619,758,"alpha"
"hCoV-19/USA/DE-DHSS-B1099512/2021|EPI_ISL_14794054|2021-06-03",671,462,434,547,578,258,132,494,452,225,230,368,360,240,538,556,520,304,328,343,241,84,55,255,72,78,58,142,406,214,376,542,389,248,207,350,282,139,73,397,199,177,99,313,347,202,394,517,534,448,305,455,394,154,90,392,471,411,401,637,629,374,612,747,"alpha"
"hCoV-19/USA/DE-DHSS-B1115270/2021|EPI_ISL_14794096|2021-05-16",698,479,456,598,632,316,124,539,480,229,247,388,373,274,568,606,550,369,335,381,280,90,59,277,72,73,60,134,443,225,378,581,424,271,232,340,280,140,68,393,217,169,104,342,368,208,425,549,559,492,320,502,443,161,88,418,498,410,421,686,689,403,644,770,"alpha"
"hCoV-19/Brazil/SP-L120-CD4960/2021|EPI_ISL_14800170|2021-02-18",891,610,578,761,803,371,167,672,603,299,325,507,471,341,721,772,697,457,435,484,349,112,71,342,94,97,75,171,558,285,493,734,534,338,296,437,374,187,88,517,279,223,133,452,467,266,552,700,718,608,424,623,547,205,111,539,629,547,554,855,877,510,819,1004,"alpha"
"hCoV-19/Brazil/SP-L120-CD4957/2021|EPI_ISL_14800171|2021-02-19",890,606,574,750,801,364,165,666,596,296,322,503,462,335,719,766,692,454,432,482,344,111,70,337,94,97,74,169,552,285,491,726,529,336,293,435,371,185,88,519,277,224,134,443,459,265,550,690,709,600,417,615,544,203,111,532,626,546,548,849,868,505,809,989,"alpha"
"hCoV-19/Brazil/SP-L120-CD4969/2021|EPI_ISL_14800172|2021-02-19",884,610,571,749,797,369,164,666,599,295,324,501,467,337,713,765,691,452,434,479,345,110,72,341,93,96,73,170,551,286,487,725,531,334,294,435,370,185,87,512,277,222,132,447,463,261,546,691,708,600,419,619,544,205,109,530,625,541,549,843,865,504,812,995,"alpha"
"hCoV-19/Brazil/SP-L120-CD4959/2021|EPI_ISL_14800173|2021-02-24",888,604,576,751,800,363,165,666,597,298,322,502,465,337,717,766,691,453,432,482,343,111,71,337,94,97,74,170,551,285,489,728,530,337,292,435,371,185,88,517,277,222,132,444,459,265,549,690,710,600,418,617,544,204,111,533,626,544,547,847,870,505,809,990,"alpha"
"hCoV-19/Brazil/SP-L113-CD5072/2021|EPI_ISL_14800174|2021-02-25",890,613,579,756,805,372,165,671,602,300,325,507,470,341,722,772,697,457,435,485,349,112,72,342,94,96,75,171,555,287,493,735,534,338,296,438,372,187,88,518,279,223,133,452,468,266,553,699,717,605,423,626,548,205,111,539,631,546,554,856,878,509,819,1003,"alpha"
"hCoV-19/Brazil/SP-L133-CD5078/2021|EPI_ISL_14800178|2021-03-03",844,568,542,711,745,336,155,616,565,279,295,469,427,319,666,719,655,417,401,438,322,101,59,313,86,88,69,153,514,267,452,663,502,313,274,407,344,169,80,472,261,198,122,409,425,237,508,634,664,554,390,575,500,190,102,495,584,500,504,773,817,464,735,912,"alpha"
"hCoV-19/Brazil/SP-L05_GATES-CD7722/2021|EPI_ISL_14800249|2021-03-23",893,611,579,759,805,371,165,673,602,300,325,506,469,339,722,772,698,456,436,485,349,111,72,342,95,97,75,170,556,287,492,735,534,339,296,437,374,187,88,517,279,223,133,452,467,266,552,699,717,608,422,621,547,205,112,538,630,546,554,856,877,510,820,1002,"alpha"
"hCoV-19/Brazil/MG-L05_GATES-CD8032/2021|EPI_ISL_14800258|2021-03-25",891,612,580,758,806,372,165,672,602,300,324,506,469,340,722,772,698,458,435,486,350,112,72,342,94,97,75,170,555,286,493,735,534,338,296,438,374,187,88,517,279,223,133,451,467,266,551,699,718,607,421,621,547,205,111,538,631,546,554,856,877,509,821,1002,"alpha"
"hCoV-19/Brazil/SP-L190-CD7622/2021|EPI_ISL_14800286|2021-04-04",859,602,562,734,790,363,163,660,584,294,317,497,454,330,700,743,678,455,425,471,343,108,69,333,91,93,73,170,540,277,478,726,524,329,289,418,362,184,87,504,274,219,128,440,458,256,534,690,696,590,415,604,534,199,108,524,611,531,543,831,853,502,804,979,"alpha"
"hCoV-19/Brazil/SP-L190-CD8016/2021|EPI_ISL_14800291|2021-04-13",849,588,554,725,778,351,162,649,573,285,308,490,453,321,698,732,664,446,411,465,328,108,68,325,95,87,72,164,530,276,469,710,512,321,284,417,351,181,84,497,264,214,130,436,451,254,528,683,691,585,406,597,529,190,104,514,602,527,534,826,845,486,794,970,"alpha"
"hCoV-19/Brazil/SP-L160-CD10024/2021|EPI_ISL_14800834|2021-05-02",839,583,547,722,771,357,156,645,569,282,313,480,449,321,691,738,655,441,408,460,329,109,70,327,91,94,70,159,532,265,469,699,511,320,285,418,353,177,81,487,275,208,130,437,450,247,528,673,686,585,403,599,511,193,107,506,599,514,537,822,842,484,784,954,"alpha"
"hCoV-19/Brazil/SP-L190-CD12357/2021|EPI_ISL_14800918|2021-06-24",819,566,537,696,748,349,154,621,549,276,302,474,435,314,669,704,637,434,394,448,325,102,68,313,90,88,69,162,509,259,448,678,497,308,277,402,345,173,80,474,262,207,126,422,445,239,514,646,665,564,392,576,495,185,107,486,583,501,520,786,808,461,759,913,"alpha"
"hCoV-19/Brazil/SP-L175-CD17168/2021|EPI_ISL_14800997|2021-07-23",838,584,551,729,772,358,162,650,572,288,313,485,457,326,687,734,662,440,417,466,330,105,65,334,93,92,74,165,534,275,470,715,513,326,285,412,356,180,87,499,271,216,131,434,448,246,525,682,689,592,404,597,527,192,110,511,600,526,534,817,843,493,795,970,"alpha"
"hCoV-19/Brazil/SP-L21_GATES-CD16160/2021|EPI_ISL_14801016|2021-07-26",792,536,527,705,725,336,144,614,547,266,282,471,436,312,673,715,618,415,378,450,303,101,62,318,87,81,64,148,513,261,438,675,489,300,273,402,333,167,78,459,251,195,118,414,422,238,505,659,661,568,387,579,500,181,96,496,579,495,514,791,824,462,763,935,"alpha"
"hCoV-19/Denmark/DCGC-572180/2021|EPI_ISL_14809293|2021-03-25",892,616,578,758,807,374,165,673,602,299,327,507,469,342,722,771,701,458,438,485,354,113,72,342,95,97,75,170,556,288,493,738,533,337,296,440,374,187,88,519,279,224,133,453,468,266,553,698,718,608,423,621,547,208,112,540,630,548,554,855,877,511,819,1004,"alpha"
"hCoV-19/Denmark/DCGC-572182/2021|EPI_ISL_14809295|2021-03-27",890,612,579,759,806,372,165,672,602,299,326,507,469,341,723,771,698,458,436,485,350,112,72,342,94,97,75,170,555,286,493,736,533,338,296,438,374,187,88,517,278,223,133,452,468,266,552,699,719,607,422,622,547,206,111,539,631,547,552,856,878,510,818,1002,"alpha"
"hCoV-19/Denmark/DCGC-572198/2021|EPI_ISL_14809310|2021-03-27",891,617.5,579,756.5,808.5,374,164,673,602,299,326,507,468.5,343,723,772,701,458.5,438,486,353,114,72,343,94,98,76,168,556,286,493,739,533,336,296,441,375,188,88,517,279,224,133,453,467,266,552,699,719,607.5,421,622,547,207,112,541,631,547,554,856,878,512,820,1003,"alpha"
"hCoV-19/Denmark/DCGC-572205/2021|EPI_ISL_14809408|2021-03-27",890,610,579,759,806,373,165,671,602,300,325,507,469,341,722,771,697,458,436,484,350,112,72,342,94,97,75,170,556,287,494,736,534,338,296,438,374,186,88,518,279,223,133,452,467,266,553,700,717,609,422,622,545,206,111,542,631,546,554,857,878,510,819,999,"alpha"
"hCoV-19/Denmark/DCGC-572237/2021|EPI_ISL_14809440|2021-03-27",891,612,579,760,805,372,165,673,602,300,325,507,470,343,721,771,700,458,435,485,351,112,72,342,95,97,74.5,170.5,559,288,491,738,534,338,295.5,437,374,187,88,517,278.5,223,133,452,467.5,266,553,699,717,607,424.5,623,548,206,112,544,629,546,554,856,875,513,820,1003,"alpha"
"hCoV-19/Denmark/DCGC-572270/2021|EPI_ISL_14809472|2021-03-22",891,611,578,759,806,372,164,672,602,300,326,506,469,340,723,772,698,458,436,485,351,112,72,341,94,96,74,171,556,287,493,735,534,338,296,438,373,188,89,517,279,224,133,452,466,266,552,699,716,607,423,622,547,205,110,541,631,547,555,854,877,510,819,1003,"alpha"
"hCoV-19/Denmark/DCGC-572328/2021|EPI_ISL_14809528|2021-03-27",870,593.5,561,746,779,360,163,653,587,288,315,493,456.5,335.5,707,751,681,439.5,425,470,341,107,68,331,93,96,73,162,541,281,476,719,522,332,289,421,365,178,86,505,275,216,131,432,453,254,537,676,697.5,590,407,613,530.5,203,107,528,609,534,535,833,857,498,791,973,"alpha"
"hCoV-19/Denmark/DCGC-572330/2021|EPI_ISL_14809530|2021-03-28",891,612,578,758,805,372,165,672,602,299,326,507,470,341,722,771,698,457,436,485,350,112,73,341,94,96,75,171,555,287,491,736,534,338,296,438,373,187,88,515,279,224,133,452,466,266,553,701,716,607,423,623,548,205,110,542,631,544,554,856,878,511,819,1003,"alpha"
"hCoV-19/Denmark/DCGC-572368/2021|EPI_ISL_14809568|2021-03-27",890,611,579,759,803,372,165,672,602,300,325,507,472,340,722,771,698,457,434,484,349,112,72,341,94,97,75,170,557,286,493,736,534,337,296,438,374,186,88,519,278,223,134,453,466,266,552,700,717,607,424,624,547,205,111,540,631,547,554,854,877,511,819,1004,"alpha"
"hCoV-19/Denmark/DCGC-572424/2021|EPI_ISL_14809622|2021-03-26",892,615,578,757,805,373,164,674,602,299,326,507,470,343,722,770,699,458,436,484,351,112,72,342,95,98,74,170,559,287,493,738,534,336,296,440,372,187,88,520,278,223,133,452,467,268,553,698,716,607,424,624,549,206,113,541,631,547,553,857,875,511,820,1003,"alpha"
"hCoV-19/Denmark/DCGC-572426/2021|EPI_ISL_14809624|2021-03-28",889,615,578,758,806,373,165,673,603,300,325,506,469,342,723,771,701,457,436,485,352,112,72,342,95,97,74,170,555,287,493,738,533,338,297,439,374,187,88,518,278,223,133,452,468,265,552,700,717,607,423,623,547,206,111,540,631,547,554,857,878,510,821,1005,"alpha"
"hCoV-19/Denmark/DCGC-572440/2021|EPI_ISL_14809637|2021-03-27",885,609,577,754,805,369,165,671,602,298,324,505,468,339,724,767,696,455,435,485,349,112,71,339,95,96,74,171,552,286,491,735,532,338,296,438,371,186,88,516,278,222,133,447,467,266,550,696,712,608,421,621,546,205,112,538,629,545,549,856,875,510,814,1003,"alpha"
"hCoV-19/Denmark/DCGC-572458/2021|EPI_ISL_14809655|2021-03-26",890,613,579,758,807,372,165,672,602,300,326,506,468,341,723,772,699,458,436,485,350,112,72,342,95,97,75,170,556,286,493,737,533,338,296,439,374,187,88,517,278,223,133,452,469,266,552,698,718,607,423,622,547,206,112,541,631,546,552,857,877,513,818,1005,"alpha"
"hCoV-19/Denmark/DCGC-572486/2021|EPI_ISL_14809683|2021-03-28",886,612,577,757,803,372,164,670,602,298,323,505,469,340,720,771,698,455,433,485,349,111,72,341,94,97,73,168,550,286,492,734,532,337,297,436,372,187,87,514,278,220,132,451,465,264,551,699,716,605,420,622,547,204,109,537,628,545,553,855,879,507,818,1000,"alpha"
"hCoV-19/Denmark/DCGC-572511/2021|EPI_ISL_14809706|2021-03-24",890,616,578,758,807,375,164,673,602,299,326,508,471,343,722,771,702,458,436,485,353,111,72,344,94,97,75,170,556,287,493,739,533,337,296,440,374,187,88,517,279,223,133,453,468,266,553,700,717,608,425,624,547,208,112,541,631,547,554,856,878,512,820,1003,"alpha"
"hCoV-19/Denmark/DCGC-572527/2021|EPI_ISL_14809721|2021-03-23",890,613,579,758,807,372,165,672,602,300,324,506,468,341,724,771,699,459,436,485,350,112,72,342,94,97,75,170,556,286,493,736,533,338,295,439,375,187,88,518,277,223,133,452,466,266,552,699,718,606,421,622,547,206,111,539,632,548,553,855,877,510,819,1002,"alpha"
"hCoV-19/Denmark/DCGC-572530/2021|EPI_ISL_14809724|2021-03-26",890,613,579,757,806,373,165,673,602,300,325,507,469,340,722,771,698,458,436,484,351,112,72,343,95,97,75,170,557,288,494,737,534,338,296,438,374,187,88,518,279,223,133,452,467,266,552,701,717,608,423,623,545,206,112,542,630,547,554,857,878,511,820,1004,"alpha"
"hCoV-19/Denmark/DCGC-572536/2021|EPI_ISL_14809730|2021-03-28",881,601,571,755,797,364,163,667,595,297,323,499,468,342,716,762,688,453,433,481,342,108,70,339,93,97,75,167,555,286,487,731,527,337,293,433,373,184,88,516,277,222,133,445,460,261,549,688,712,600,416,619,543,204,111,537,625,545,546,847,864,506,811,994,"alpha"
"hCoV-19/Denmark/DCGC-572565/2021|EPI_ISL_14809758|2021-03-26",887,613,578,759,806,372,166,672,602,300,326,506,469,342,723,772,698,458,436,486,350,112,72,342,95,97,75,169,556,287,493,737,534,338,296,438,374,187,88,518,278,223,133,452,469,266,552,697,718,607,424,622,548,206,110,541,631,547,552,857,877,510,819,1002,"alpha"
"hCoV-19/Denmark/DCGC-572644/2021|EPI_ISL_14809835|2021-03-27",891,616,579,759,807,375,165,673,602,299,327,507,470,342,723,771,701,458,437,485,353,113,72,343,95,97,75,170,555,287,493,739,533,338,296,439,374,187,88,517,278,223,133,454,470,266,552,700,720,608,423,623,547,207,112,541,631,547,552,857,879,512,819,1004,"alpha"
"hCoV-19/Denmark/DCGC-572661/2021|EPI_ISL_14809851|2021-03-26",891,611,579,759,806,372,165,671,602,300,325,507,469,342,721,771,698,458,435,486,350,112,72,342,94,97,75,170,558,287,491,736,534,338,296,436,373,187,88,517,279,223,133,452,467,266,553,699,717,607,424,622,548,206,111,542,629,545,554,856,875,512,819,1002,"alpha"
"hCoV-19/Denmark/DCGC-572718/2021|EPI_ISL_14809907|2021-03-25",891,611,578,759,805,372,164,672,602,300,326,506,470,341,723,772,698,458,436,483,350,112,72,341,96,97,74,171,557,287,493,735,534,338,296,439,374,187,89,518,279,224,133,452,467,267,552,698,716,606,424,625,546,205,113,541,630,547,555,855,877,509,819,1006,"alpha"
"hCoV-19/Denmark/DCGC-572748/2021|EPI_ISL_14809936|2021-03-27",888,612,575,756,801,371,163,670,600,298,324,502,465,342,720,771,697,454,434,483,351,110,70,340,93,97,73,166,553,287,489,735,533,336,295,437,370,184,86,515,280,219,132,448,463,263,548,696,713,603,420,621,546,207,110,539,628,541,550,854,876,510,816,996,"alpha"
"hCoV-19/Denmark/DCGC-572750/2021|EPI_ISL_14809938|2021-03-27",890,612,579,759,807,370,165,671,600,300,327,506,468,342,722,772,698,456,435,485,349,111,72,341,95,96,75,171,557,283,491,737,532,337,296,438,371,187,88,517,278,223,133,453,470,266,550,699,720,608,423,622,547,206,112,539,630,544,552,855,878,512,818,1002,"alpha"
"hCoV-19/Denmark/DCGC-572766/2021|EPI_ISL_14809954|2021-03-27",890,613,579,758,807,372,165,672,602,299,325,506,468,343,722,771,699,458,435,485,350,112,72,342,95,98,75,170,557,288,493,736,533,338,296,439,373,187,88,518,278,222,133,452,467,266,552,700,718,607,422,622,547,206,113,542,631,547,552,857,877,510,820,1003,"alpha"
"hCoV-19/Denmark/DCGC-572792/2021|EPI_ISL_14809980|2021-03-27",876,602,568,752,789,366,165,661,597,291,319,501,461,337,709,765,689,451,428,473,347,108,67,338,92,95,72,162,543,284,482,729,527,330,295,429,366,183,83,506,275,217,131,441,459,256,540,689,706,598,416,618,539,204,106,533,617,535,542,840,875,505,803,987,"alpha"
"hCoV-19/Africa/Johannesburg-1019/2021|EPI_ISL_14594653|2021-02-26",879,597,565.5,748.5,791,366,160,658.5,587.5,298,318,494,462.5,327,712,747,691,450.5,424,474,344,111.5,70.5,333.5,92,94,74,165.5,545,278,484,718.5,522,336,291,422.5,367,181,88,508,276,220,134,440,457,262.5,540,685,698,592,417,603.5,537.5,201,107,525.5,616,532,544,845,847,503.5,800,978.5,"beta"
"hCoV-19/Africa/Johannesburg-1049/2021|EPI_ISL_14594664|2021-04-20",879,596,564,742,791,362,161,654,585.5,296,317.5,497,459,327.5,710,741,688,448,424,469,340,112,72,328,92,94,75,167.5,546,276,477,720.5,520,336,289,421.5,364,181,87,511,276,218,133,441.5,458,264,539,684,694,588,419,605,534,197,108.5,526.5,613,535,543,839,844,498.5,803,971,"beta"
"hCoV-19/Africa/Johannesburg-1050/2021|EPI_ISL_14594665|2021-04-23",879,596,564,742,791,362,161,654,585.5,296,317.5,497,459,327.5,710,741,688,448,424,469,340,112,72,328,92,94,75,167.5,546,276,477,720.5,520,336,289,421.5,364,181,87,511,276,218,133,441.5,458,264,539,684,694,588,419,605,534,197,108.5,526.5,613,535,543,839,844,498.5,803,971,"beta"
"hCoV-19/Africa/Johannesburg-1066/2021|EPI_ISL_14594672|2021-03-02",923,614,578,762,808,374,164,674,604,301,329,506,471,339,724,777,702,458,435,484,353,116,74,341,95,96,76,171,561,287,493,738,534,340,296,438,371,187,88,521,280,223,136,455,470,269,552,701,719,608,431,626,547,207,112,543,629,547,553,860,882,514,820,1014,"beta"
"hCoV-19/Africa/Johannesburg-1096/2021|EPI_ISL_14594682|2021-05-24",859,585,558,732,773,356,158,650,575,297,315,489,459,325,689,741,672,441,418,467,337,113,68,329,93,94,76,163,546,275,476,698,508,325,288,422,360,181,88,504,269,220,131,439,452,258,528,666,695,585,412,593,528,197,112,512,606,523,537,813,828,491,786,959,"beta"
"hCoV-19/Africa/Johannesburg-1106/2021|EPI_ISL_14594685|2021-03-29",923,614,578,762,808,374,164,674,604,301,329,506,471,339,724,777,702,458,435,484,353,116,74,341,95,96,76,171,561,287,493,738,534,340,296,438,371,187,88,521,280,223,136,455,470,269,552,701,719,608,431,626,547,207,112,543,629,547,553,860,882,514,820,1014,"beta"
"hCoV-19/Africa/Johannesburg-2048/2021|EPI_ISL_14594718|2021-01-15",876,602,567.5,747.5,792,367.5,163,666.5,594,298,318,496,460.5,334,718,754,688,452,428.5,479,347.5,114,73,335,92,96,75,167.5,554.5,281.5,491.5,725,524,335,291.5,429.5,369,183,86,518,275,221,133,443,462,266.5,543,688,705,600,418.5,610.5,539,205,108.5,533,619,541,546,853,858,503.5,805.5,976.5,"beta"
"hCoV-19/Africa/Johannesburg-5029/2021|EPI_ISL_14594755|2021-01-05",923,613.5,578,762.5,807,374,164,674.5,604,301,329,506,472,340,723,776.5,702,458,434,485,354,116,74,341,95,98,76,170,560,286,494,739.5,534,340,296,438,371,187,88,522,281,222,136,455,470,269,552,700,719,608,432,625,547,208,113,542,628,547,553,860,882,515,819,1011.5,"beta"
"hCoV-19/Africa/Johannesburg-5053/2020|EPI_ISL_14594763|2020-12-17",924,614,577,763,809,374,164,674,603,301,329,506,472,340,724,775,703,458,435,485,354,116,74,341,94,97,76,170,559,287,494,740,534,340,296,437,371,187,88,522,281,223,136,455,470,268,552,701,718,609,431,625,547,208,111,543,629,547,554,860,882,514,820,1010,"beta"
"hCoV-19/Africa/Johannesburg-5055/2021|EPI_ISL_14594764|2021-01-08",924,614,577,763,809,374,164,674,603,301,329,506,472,340,724,775,703,458,435,485,354,116,74,341,94,97,76,170,559,287,494,740,534,340,296,437,371,187,88,522,281,223,136,455,470,268,552,701,718,609,431,625,547,208,111,543,629,547,554,860,882,514,820,1010,"beta"
"hCoV-19/Africa/Johannesburg-5060/2021|EPI_ISL_14594766|2021-01-14",924,614,577,763,809,374,164,674,603,301,329,506,472,340,724,775,703,458,435,485,354,116,74,341,94,97,76,170,559,287,494,740,534,340,296,437,371,187,88,522,281,223,136,455,470,268,552,701,718,609,431,625,547,208,111,543,629,547,554,860,882,514,820,1010,"beta"
"hCoV-19/Africa/Johannesburg-8003/2021|EPI_ISL_14594771|2021-03-08",923,614,578,762,808,374,164,674,604,301,329,506,471,339,724,777,702,458,435,484,353,116,74,341,95,96,76,171,561,287,493,738,534,340,296,438,371,187,88,521,280,223,136,455,470,269,552,701,719,608,431,626,547,207,112,543,629,547,553,860,882,514,820,1014,"beta"
"hCoV-19/Africa/Johannesburg-8019/2021|EPI_ISL_14594772|2021-03-15",923,614,578,762,808,374,164,674,604,301,329,506,471,339,724,777,702,458,435,484,353,116,74,341,95,96,76,171,561,287,493,738,534,340,296,438,371,187,88,521,280,223,136,455,470,269,552,701,719,608,431,626,547,207,112,543,629,547,553,860,882,514,820,1014,"beta"
"hCoV-19/Africa/Johannesburg-8050/2021|EPI_ISL_14594774|2021-05-31",902,593,569,747,796,364,162,662,587,298,322,497,464,328,711,762,686,452,424,483,344,112,73,332,94,96,76,168,547,281,483,723,521,335,291,427,367,184,88,516,276,225,135,446,463,264,541,682,703,603,420,608,538,201,111,524,617,536,549,839,860,501,806,984,"beta"
"hCoV-19/Africa/Johannesburg-8106/2021|EPI_ISL_14594779|2021-07-02",902,593,569,747,796,364,162,662,587,298,322,497,464,328,711,762,686,452,424,483,344,112,73,332,94,96,76,168,547,281,483,723,521,335,291,427,367,184,88,516,276,225,135,446,463,264,541,682,703,603,420,608,538,201,111,524,617,536,549,839,860,501,806,984,"beta"
"hCoV-19/Senegal/137882/2021|EPI_ISL_14598515|2021-01-22",866,598,571,749,791,364,159,667,590,297,323,495,463,330,707,759,689,449,421,472,341,112,74,335,95,96,76,164,550,282,484,724,527,334,293,423,363,186,88,510,276,223,135,449,459,261,541,693,702,599,420,615,536,201,110,528,616,531,549,846,864,502,810,991,"beta"
"hCoV-19/Senegal/165541/2021|EPI_ISL_14598571|2021-02-04",814,561,543,701,749,351,150,624,558,281,302,464,435,310,664,707,656,422,398,437,327,108,70,315,89,88,73,158,517,259,460,680,494,316,272,402,346,174,83,483,258,212,129,433,436,242,521,660,655,574,392,576,491,187,105,494,579,505,528,804,809,466,771,908,"beta"
"hCoV-19/Sudan/SS1766/2021|EPI_ISL_14620471|2021-05-25",847,568,555,731,763,347,155,638,580,284,310,493,454,320,692,748,663,431,414,461,331,103,69,320,91,91,70,159,535,275,470,702,507,321,282,418,349,179,84,505,258,212,126,430,450,259,529,673,684,583,415,604,526,194,103,519,599,530,520,829,847,489,787,966,"beta"
"hCoV-19/Sudan/SS1765/2021|EPI_ISL_14620472|2021-05-25",859,583,565,747,782,358,158,648,590,289,318,498,460,330,700,761,682,443,423,468,342,108,71,328,91,95,74,163,543,276,476,713,518,326,286,425,358,184,87,506,268,215,129,443,460,262,536,685,695,594,420,611,534,200,107,526,606,536,534,839,857,499,803,986,"beta"
"hCoV-19/Sudan/SS1762/2021|EPI_ISL_14620473|2021-05-06",712,493,466,612,639,288,139,545,499,251,271,409,388,285,574,612,549,356,366,394,278,81,59,273,80,81,62,145,449,239,402,588,434,275,249,360,296,148,77,426,227,175,114,362,380,222,452,569,588,487,348,493,452,175,93,434,512,440,431,707,699,408,662,812,"beta"
"hCoV-19/Sudan/SS1758/2021|EPI_ISL_14620474|2021-06-19",844,563,557,727,752,349,152,624,573,282,309,484,449,321,686,742,660,422,402,457,329,107,70,317,89,96,73,156,528,270,458,686,508,314,280,414,346,179,84,490,264,209,125,433,451,252,520,665,679,578,408,600,514,189,108,511,590,512,524,815,837,479,777,957,"beta"
"hCoV-19/Sudan/SS1752/2021|EPI_ISL_14620477|2021-06-29",836,565,548,720,756,351,152,627,573,282,310,485,449,317,681,732,654,424,414,454,330,106,68,321,88,93,73,155,530,269,463,691,501,315,279,411,349,178,82,496,257,212,127,429,451,252,524,664,678,582,408,594,511,191,107,509,588,518,515,822,832,480,775,953,"beta"
"hCoV-19/Sudan/SS1744/2021|EPI_ISL_14620478|2021-05-27",870,583,565,745,779,355,159,646,592,291,317,495,457,329,700,760,682,439,427,467,341,108,70,326,91,95,74,164,541,280,477,714,522,330,283,423,359,184,87,512,270,215,129,436,454,263,536,679,689,587,419,611,536,199,108,528,605,541,530,837,854,499,800,976,"beta"
"hCoV-19/Sudan/SS1773/2021|EPI_ISL_14620527|2021-06-24",864,586,566,742,776,360,155,647,591,287,319,494,456,331,696,759,680,437,422,467,340,109,71,329,88,94,74,163,544,279,476,713,522,328,284,420,356,181,86,506,270,214,128,442,455,259,534,685,692,587,418,613,534,200,107,530,605,534,533,834,855,502,800,989,"beta"
"hCoV-19/Sudan/SS1751/2021|EPI_ISL_14620535|2021-03-07",845,571,555,730,765,354,156,637,582,285,313,489,452,324,683,744,668,433,420,458,335,106,68,326,89,93,75,158,536,274,468,703,505,322,281,417,354,181,84,503,259,215,128,431,452,253,529,671,683,586,412,598,525,195,107,515,595,529,517,827,839,491,788,974,"beta"
"hCoV-19/Sudan/SS1750/2021|EPI_ISL_14620536|2021-06-28",844,571,555,730,761,354,154,642,582,283,312,496,453,321,685,746,666,433,414,455,334,103,69,323,90,89,71,157,538,274,472,703,505,320,284,417,348,179,82,501,253,211,125,436,455,258,530,677,685,587,419,603,525,194,102,521,601,527,517,831,848,489,789,975,"beta"
"hCoV-19/South_Africa/NICD-AHRI-N47067/2021|EPI_ISL_14666761|2021-04-23",889,612,576,763,806,373,164,671,601,300,326,509,471,337,723,776,701,457,434,484,354,115,72,339,95,97,75,170,556,287,492,735,534,339,294,435,371,186,89,518,279,224,138,452,472,268,551,700,715,606,432,625,545,206,112,542,627,543,554,860,879,513,818,1008,"beta"
"hCoV-19/South_Africa/NICD-AHRI-N47068/2021|EPI_ISL_14666762|2021-05-24",887,612,573,763,806,373,164,670,598,300,326,507,471,336,721,778,702,457,433,484,352,115,74,337,95,97,76,169,557,286,489,732,529,339,295,434,372,185,88,518,280,223,138,452,468,267,550,701,716,605,430,625,546,205,111,539,624,543,553,858,880,512,818,1009,"beta"
"hCoV-19/South_Africa/NICD-AHRI-N47073/2021|EPI_ISL_14666763|2021-05-07",886,612,575,762,806,373,164,671,600,301,326,507,471,336,721,775,700,458,434,483,353,115,73,339,95,97,76,169,559,287,490,734,534,339,294,434,371,187,88,519,279,223,138,453,468,268,551,699,714,605,431,624,545,205,112,541,627,544,553,857,876,512,819,1003,"beta"
"hCoV-19/South_Africa/NICD-AHRI-N47074/2021|EPI_ISL_14666764|2021-06-29",890,612,575,764,806,373,164,670,600,301,327,507,471,335,723,779,701,457,433,485,353,115,74,338,95,97,76,169,557,286,488,732,532,339,295,435,371,187,88,518,280,223,138,453,469,267,551,701,717,605,432,624,546,205,111,537,626,543,553,859,881,511,819,1006,"beta"
"hCoV-19/South_Africa/NICD-AHRI-N47075/2021|EPI_ISL_14666765|2021-07-08",893,613,574,763,805,373,164,672,599,301,327,507,471,337,723,777,702,456,433,485,353,115,74,338,95,97,76,169,559,286,489,735,531,339,295,435,372,187,88,518,280,224,138,453,470,268,551,699,716,606,432,625,546,205,111,541,626,543,554,859,879,512,819,1006,"beta"
"hCoV-19/South_Africa/NICD-AHRI-N47076/2021|EPI_ISL_14666766|2021-08-10",888,612,574,764,804,372,165,670,598,301,326,508,470,335,719,779,700,454,433,484,351,115,74,338,94,97,76,170,557,285,488,732,531,339,295,433,371,186,87,517,280,222,137,451,469,267,551,699,718,606,431,622,545,205,111,537,626,541,551,857,881,511,817,1002,"beta"
"hCoV-19/Belgium/rega-42252/2021|EPI_ISL_14673068|2021-07-02",873,596,561,735,778,357,161,651,583,290,316,489,461,332,677,751,675,443,422,466,338,111,73,326,94,95,74,168,540,274,477,708,519,322,286,422,358,179,88,498,268,218,130,432,450,262,529,669,699,586,408,598,532,201,109,524,604,520,528,821,840,498,790,954,"beta"
"hCoV-19/USA/OH-055556/2021|EPI_ISL_14716294|2021-04-19",888,610,574,758,806,371,164,673,600,299,326,504,471,336,722,771,697,458,434,485,350,112,73,338,95,97,75,169,556,290,491,736,532,339,294,436,370,185,88,518,277,223,136,453,467,268,549,699,713,606,427,621,548,205,111,544,629,543,552,857,873,514,819,1002,"beta"
"hCoV-19/USA/OH-057532/2021|EPI_ISL_14716350|2021-04-14",735,511,456,623,660,308,139,537,480,240,265,398,376,272,560,630,579,386,354,377,292,92,66,279,87,86,63,146,462,228,407,582,436,273,237,342,307,156,80,424,230,185,112,371,361,219,442,553,575,473,337,496,437,173,97,439,491,456,458,660,682,427,656,805,"beta"
"hCoV-19/USA/OH-057534/2021|EPI_ISL_14716351|2021-04-13",888,610,574,758,807,371,164,673,601,299,326,504,469,336,721,771,698,458,434,485,350,112,73,338,94,97,76,169,556,288,491,737,532,339,295,435,370,185,88,518,278,223,136,454,467,268,550,699,712,607,427,619,548,205,111,543,628,543,553,857,873,515,819,1002,"beta"
"hCoV-19/USA/OH-057535/2021|EPI_ISL_14716352|2021-04-08",888,610,575,758,807,371,164,673,601,299,326,504,470,336,721,771,698,458,434,485,350,112,73,338,95,97,75,169,556,288,491,737,533,339,294,435,370,185,88,518,277,223,136,454,467,268,549,699,712,607,427,620,548,205,111,543,628,543,553,856,873,515,819,1002,"beta"
"hCoV-19/USA/OH-057540/2021|EPI_ISL_14716353|2021-04-12",888,610,575,758,807,371,164,673,601,298,326,504,470,336,721,772,698,457,434,485,350,112,73,338,95,97,75,169,556,288,491,737,533,339,294,435,369,185,88,518,277,223,136,454,467,268,549,699,712,608,426,621,548,205,111,543,628,543,553,856,874,515,819,1002,"beta"
"hCoV-19/USA/OH-057556/2021|EPI_ISL_14716355|2021-04-27",748,519,478,663,693,314,147,595,511,255,284,434,405,299,652,670,589,398,372,428,290,95,67,292,87,82,67,156,492,256,442,639,457,292,253,386,323,159,80,463,236,203,115,396,425,241,473,612,614,539,381,549,481,176,98,479,554,485,484,765,761,438,721,876,"beta"
"hCoV-19/USA/OH-057565/2021|EPI_ISL_14716357|2021-04-22",881,603,568,750,793,369,164,655,592,290,318,496,461,334,710,763,688,452,423,478,346,110,72,333,95,96,75,169,544,279,482,718,527,333,289,433,365,180,88,504,275,217,133,447,460,266,540,682,706,592,417,607,537,202,111,531,620,534,546,836,857,502,804,971,"beta"
"hCoV-19/USA/OH-057566/2021|EPI_ISL_14716358|2021-04-22",851,591,560,737,786,365,165,656,590,292,316,487,462,324,712,752,675,450,418,472,345,108,70,328,93,94,76,167,546,274,479,717,517,336,290,429,358,179,88,505,270,215,129,443,457,260,533,682,696,594,418,612,526,199,107,527,619,529,536,835,855,501,795,982,"beta"
"hCoV-19/USA/OH-057577/2021|EPI_ISL_14716359|2021-04-19",888,610,575,758,807,371,164,673,601,298,326,505,470,336,721,771,698,457,435,485,350,112,73,338,95,97,75,169,556,288,491,737,533,339,294,435,369,185,88,518,277,223,136,454,468,268,549,699,712,608,426,620,549,205,111,543,628,543,553,856,872,516,819,1001,"beta"
"hCoV-19/USA/OH-057583/2021|EPI_ISL_14716360|2021-04-16",888,610,574,758,807,371,164,673,601,299,326,504,469,336,721,771,698,458,434,485,350,112,73,338,94,97,76,169,556,288,491,737,532,339,295,435,370,185,88,518,278,223,136,454,467,268,550,699,712,607,427,619,548,205,111,543,628,543,553,857,873,515,819,1002,"beta"
"hCoV-19/USA/OH-057591/2021|EPI_ISL_14716361|2021-04-15",888,610,575,758,807,371,164,673,599,298,327,504,471,336,720,771,698,458,434,485,350,110,72,339,95,97,75,169,556,289,491,737,532,339,293,435,370,185,88,518,278,223,136,454,467,268,549,699,713,607,427,620,548,205,112,543,627,543,553,856,873,515,819,1002,"beta"
"hCoV-19/USA/OH-062687/2021|EPI_ISL_14716761|2021-05-27",888,610,574,758,806,371,164,672,599,298,326,504,471,336,722,771,697,458,434,485,350,112,73,338,95,97,75,169,556,290,491,736,532,339,293,436,370,185,88,518,277,223,136,453,467,268,549,699,713,606,427,621,548,205,111,544,629,543,552,857,873,514,819,1002,"beta"
"hCoV-19/USA/OH-062717/2021|EPI_ISL_14716764|2021-05-13",865,597,558,741,782,361,160,653,585,289,313,483,456,325,687,753,683,447,420,466,341,109,69,326,93,94,74,165,538,283,478,703,517,328,282,420,361,179,88,496,264,215,129,444,451,260,537,670,696,583,410,594,532,196,109,527,605,526,537,826,838,496,792,968,"beta"
"hCoV-19/USA/OH-062726/2021|EPI_ISL_14716767|2021-05-10",888,609,574,759,807,371,164,673,600,298,326,503,470,336,720,772,696,458,434,485,349,112,73,338,96,97,75,169,556,288,492,737,533,340,293,435,369,185,89,518,277,223,136,454,467,268,550,698,713,607,427,619,548,204,111,544,628,543,553,857,873,515,819,1003,"beta"
"hCoV-19/USA/OH-058659/2021|EPI_ISL_14716809|2021-04-18",871,607,567,749,801,370,163,662,596,294,322,500,469,333,714,757,693,453,429,477,346,109,74,334,94,98,74,169,548,286,485,732,526,335,292,430,367,180,86,515,275,218,132,447,464,266,537,691,704,600,425,617,538,204,112,540,618,538,544,842,865,509,806,994,"beta"
"hCoV-19/USA/OH-055892/2021|EPI_ISL_14717040|2021-04-23",888,610,574,758,806,371,164,673,600,299,326,504,471,336,722,771,697,458,434,485,350,112,73,338,95,97,75,169,556,290,491,736,532,339,294,436,370,185,88,518,277,223,136,453,467,268,549,699,713,606,427,621,548,205,111,544,629,543,552,857,873,514,819,1002,"beta"
"hCoV-19/Brazil/SP-L176-CD9882/2021|EPI_ISL_14800346|2021-05-15",872,603,566,742,800,366,163,664,589,300,321,496,463,329,707,756,683,456,427,476,344,111,72,334,95,94,73,167,547,282,484,729,524,334,290,427,362,185,87,512,276,217,133,449,464,260,538,691,704,600,422,610,536,200,107,532,615,535,548,841,862,504,810,993,"beta"
"hCoV-19/Brazil/SP-L29_GATES-CD24001/2021|EPI_ISL_14813908|2021-10-06",850,584,559,739,770,351,153,649,579,286,310,480,447,322,700,752,676,439,408,461,326,112,75,328,90,91,74,161,533,278,472,708,516,315,284,424,358,179,81,498,264,221,129,432,443,257,524,678,690,585,404,597,530,199,107,516,606,518,533,829,854,495,790,981,"delta"
"hCoV-19/Brazil/SP-L32_GATES-CD25055/2021|EPI_ISL_14813909|2021-11-02",891,607,579,766,799,367,164,675,601,302,325,505,474,337,725,771,697,454,432,480,346,113,77,337,94,97,75,172,560,284,494,734,535,336,295,437,374,188,85,520,282,223,133,451,467,271,549,699,720,608,427,624,544,205,112,540,626,545,556,858,879,509,817,1007,"delta"
"hCoV-19/Brazil/SP-L32_GATES-CD25057/2021|EPI_ISL_14813910|2021-11-04",874,598,569,746,791,361,160,657,589,295,316,492,457,332,710,755,691,449,422,472,340,114,76,329,94,97,72,170,539,279,478,717,528,329,289,431,367,181,85,505,278,220,132,436,454,261,533,686,694,593,412,605,536,203,112,522,616,526,546,836,855,501,803,978,"delta"
"hCoV-19/Brazil/SP-L32_GATES-CD25056/2021|EPI_ISL_14813911|2021-11-07",870,591,570,749,788,360,159,658,585,295,318,493,458,328,710,757,687,446,418,472,336,112,76,327,94,95,74,168,544,279,478,713,523,328,290,428,364,181,84,504,275,220,131,441,457,264,532,687,700,600,413,604,535,198,112,525,615,523,544,838,859,499,800,986,"delta"
"hCoV-19/Brazil/SP-L32_GATES-CD25728/2021|EPI_ISL_14813912|2021-11-23",878,599,574,756,792,363,159,666,593,296,320,496,462,333,712,765,693,450,422,475,340,114,77,332,95,97,74,167,547,282,484,723,532,330,292,431,369,183,85,506,278,221,131,442,458,266,535,691,704,601,417,610,539,203,112,532,619,529,547,845,866,505,809,993,"delta"
"hCoV-19/Indonesia/JI-GS-EOCRU-GSILab-1113685/2021|EPI_ISL_14815345|2021-07-12",890,610,577,758,802,371,164,674,598,297,325,505,469,336,720,769,698,455,435,482,349,109,76,337,94,98,76,170,554,286,490,736,534,337,292,435,373,186,86,517,280,223,132,453,464,268,550,699,714,609,421,619,546,205,112,537,626,544,555,853,876,510,818,1005,"delta"
"hCoV-19/Indonesia/JI-GS-EOCRU-GSILab-1113683/2021|EPI_ISL_14815346|2021-07-21",887,608,577,757,802,370,163,673,598,298,325,505,469,333,720,770,698,454,435,481,347,109,76,337,93,98,75,170,553,284,486,737,533,337,292,435,372,185,86,516,281,219,131,454,465,269,544,699,712,609,422,619,547,205,111,534,625,543,554,848,875,511,820,1002,"delta"
"hCoV-19/Indonesia/JI-GS-EOCRU-GSILab-1113674/2021|EPI_ISL_14815347|2021-08-09",890,610,577,758,802,370,164,676,599,297,324,507,469,336,720,769,698,455,435,482,349,109,76,335,94,97,76,170,554,287,490,738,534,338,291,436,372,185,86,518,280,223,132,452,465,269,547,699,714,609,423,618,547,205,111,540,626,544,555,851,876,511,819,1003,"delta"
"hCoV-19/Indonesia/JI-GS-EOCRU-GSILab-1113684/2021|EPI_ISL_14815348|2021-07-05",890,610,577,758,802,370,164,675,599,298,325,505,469,336,720,769,698,455,435,482,348,109,76,337,94,98,76,170,554,287,491,737,534,337,292,436,373,186,86,518,280,223,132,453,464,269,550,699,714,609,422,618,547,205,112,539,626,544,555,854,876,511,818,1002,"delta"
"hCoV-19/Indonesia/JI-GS-EOCRU-GSILab-1113669/2021|EPI_ISL_14815349|2021-07-05",475,339,311,403,448,188,92,370,328,164,181,272,251,188,399,418,370,272,232,260,176,55,50,188,58,62,46,101,313,164,290,394,292,177,169,246,220,113,52,301,153,131,78,251,259,157,308,350,392,310,232,347,290,113,73,302,345,329,308,450,458,269,435,548,"delta"
"hCoV-19/Indonesia/JI-GS-EOCRU-GSILab-1113680/2021|EPI_ISL_14815350|2021-06-23",886,606,575,759,803,367,162,673,597,299,325,501,470,336,721,772,698,453,432,483,347,112,77,335,93,97,74,171,555,284,488,733,531,337,292,437,371,186,85,515,281,220,132,453,464,270,545,697,712,609,422,620,545,206,111,537,626,541,555,851,874,509,819,1003,"delta"
"hCoV-19/Indonesia/JI-GS-EOCRU-GSILab-1113661/2021|EPI_ISL_14815351|2021-06-30",887,608,577,757,801,369,163,673,598,298,325,505,469,334,719,770,697,452,435,482,348,108,76,337,93,99,75,170,554,284,486,735,533,337,292,435,372,186,87,515,281,221,132,453,464,268,547,698,713,609,421,618,545,206,111,534,625,542,555,849,874,510,819,1003,"delta"
"hCoV-19/Indonesia/SU-GS-EOCRU-GSILab-1113665/2021|EPI_ISL_14815352|2021-07-26",887,605,577,760,801,367,162,672,597,299,324,502,472,336,720,773,698,452,432,482,347,112,77,335,93,97,74,171,555,283,487,734,533,336,292,435,372,186,85,515,280,221,132,452,463,270,546,697,712,609,421,624,544,206,111,537,626,541,555,851,875,509,820,1002,"delta"
"hCoV-19/Peru/LIM-PUCP-CSFV3448/2021|EPI_ISL_14818663|2021-08-01",883,607,570,750,793,363,161,667,593,299,323,495,460,337,706,758,697,449,428,471,339,112,77,334,93,96,76,169,548,282,483,732,531,332,290,427,370,188,85,510,279,222,133,447,456,261,546,691,699,596,422,613,542,199,111,534,616,536,549,843,866,506,809,989,"delta"
"hCoV-19/Peru/LIM-PUCP-CSFV3661/2021|EPI_ISL_14818665|2021-08-04",883,604,573,753,790,365,162,671,596,297,322,499,462,334,706,763,695,449,427,470,343,113,77,338,95,96,75,168,556,283,486,731,531,333,293,427,368,188,84,512,276,223,134,449,456,266,544,694,704,602,421,615,540,205,111,535,617,536,551,844,868,508,812,996,"delta"
"hCoV-19/Peru/LIM-PUCP-CSFV3519/2021|EPI_ISL_14818666|2021-09-23",884,608,576,759,795,367,162,673,597,299,325,497,465,336,711,770,698,449,429,477,345,114,77,339,95,97,75,169,557,283,489,733,535,335,292,429,371,188,85,515,280,224,135,452,459,265,546,696,710,605,421,618,542,206,112,535,619,539,555,848,873,511,815,1006,"delta"
"hCoV-19/Peru/LIM-PUCP-CSFV3574/2021|EPI_ISL_14818668|2021-09-25",884,604,574,758,792,365,160,672,597,300,324,497,466,337,714,765,692,446,429,477,339,113,77,337,93,97,75,168,555,282,488,735,534,336,294,428,371,186,85,516,281,223,135,451,459,262,545,698,710,603,421,619,542,202,111,536,621,538,556,848,873,509,816,999,"delta"
"hCoV-19/Peru/LIM-PUCP-CSFV3665/2021|EPI_ISL_14818669|2021-11-21",892,612,576,764,806,368,162,676,601,300,324,504,471,341,726,775,701,455,433,487,350,113,77,338,95,96,74,170,558,288,493,738,534,337,294,439,373,188,84,520,282,223,132,452,465,270,551,698,717,608,426,623,547,208,112,543,626,546,559,858,880,511,820,1009,"delta"
"hCoV-19/Taiwan/1766975/2021|EPI_ISL_14818676|2021-08-06",892,609,577,764,803,367,163,673,601.5,300,325,505,471,339.111111111111,723.111111111111,775.111111111111,699,453,433,484.111111111111,346.055555555556,113,77.0555555555556,337.055555555556,94.0555555555556,97,75.0555555555556,171.166666666667,560.055555555556,286.5,493.555555555556,734.5,535,336,296,436.111111111111,373.055555555556,188,85.0555555555556,521.055555555556,281.555555555556,224,135.055555555556,453.166666666667,465.055555555556,271.111111111111,552.166666666667,698.611111111111,716,608,425.5,624.111111111111,547,206.166666666667,112.166666666667,542.5,626,546.166666666667,558.666666666667,857.611111111111,877.5,511.111111111111,819.611111111111,1006.88888888889,"delta"
"hCoV-19/India/RJ-INSACOG-AIIMSJ-118086/2021|EPI_ISL_14822481|2021-05-01",892,611,578,763,805,371,163,675,601,300,326,507,471,338,724,773,699,456,435,483,350,115,76,337,95,97,76,169,558,286,493,739,535,337,295,437,372,186,86,523,281,223,134,454,469,270,552,698,718,609,426,623,546,206,112,541,627,547,556,859,878,512,820,1010,"delta"
"hCoV-19/India/RJ-INSACOG-AIIMSJ-118096/2021|EPI_ISL_14822482|2021-05-01",892,610,578,764,804,371,162,676,601,300,326,508,471,339,724,772,699,456,435,482,350,115,76,338,94,97,75,171,559,286,492,740,535,337,295,436,371,187,86,521,281,222,134,454,469,270,552,700,718,609,427,624,547,206,113,542,627,546,556,858,880,513,819,1009,"delta"
"hCoV-19/India/RJ-INSACOG-AIIMSJ-118121/2021|EPI_ISL_14822483|2021-05-01",892,611,578,763,803,371,164,675,601,301,326,507,471,338,724,772,699,455,435,482,350,115,76,339,95,97,76,170,558,285,492,741,535,337,294,437,373,188,86,521,280,223,133,455,469,269,552,699,718,609,428,623,545,206,112,541,627,547,556,857,880,513,819,1010,"delta"
"hCoV-19/India/RJ-INSACOG-AIIMSJ-118129/2021|EPI_ISL_14822484|2021-05-01",883,604,572,758,793,361,161,672,594,301,323,497,464,337,712,764,694,449,429,473,339,114,78,335,94,97,75,170,554,282,485,734,532,333,291,429,371,188,85,514,279,223,133,449,457,264,548,695,708,600,423,617,542,203,112,534,618,537,553,848,873,508,811,995,"delta"
"hCoV-19/India/RJ-INSACOG-AIIMSJ-118132/2021|EPI_ISL_14822485|2021-05-01",882,605,573,761,795,363,161,676,597,301,324,498,469,338,716,765,695,451,430,476,343,114,78,336,93,96,75,170,556,286,491,737,533,334,293,432,372,188,83,517,280,223,134,451,458,267,547,696,711,604,424,619,542,206,112,541,622,540,555,849,875,510,812,1000,"delta"
"hCoV-19/India/RJ-INSACOG-AIIMSJ-118133/2021|EPI_ISL_14822486|2021-05-01",870,596,566,747,788,357,159,661,587,296,320,492,460,333,700,754,689,447,423,468,336,111,78,329,92,95,75,169,544,281,479,719,524,328,289,425,367,188,83,506,275,222,132,444,452,258,541,686,696,593,417,608,536,198,111,527,612,531,546,832,858,500,801,980,"delta"
"hCoV-19/India/RJ-INSACOG-AIIMSJ-118143/2021|EPI_ISL_14822487|2021-05-01",872,598,561,745,790,361,161,655,586,297,318,497,458,333,706,758,686,443,428,477,339,109,76,332,93,97,74,169,546,279,481,721,519,330,289,426,368,187,85,510,275,220,131,441,457,263,540,685,699,595,420,608,537,199,111,530,610,536,544,838,861,502,801,987,"delta"
"hCoV-19/India/RJ-INSACOG-AIIMSJ-118155/2021|EPI_ISL_14822488|2021-05-01",892,611,578,764,803,371,164,674,603,300,325,506,472,339,724,773,700,455,433,484,350,115,76,339,95,98,76,170,558,286,492,739,535,337,296,437,372,188,86,522,280,223,133,454,467,269,552,699,718,608,427,623,547,206,113,540,627,547,556,857,879,513,819,1009,"delta"
"hCoV-19/India/RJ-INSACOG-AIIMSJ-118162/2021|EPI_ISL_14822489|2021-05-01",872,599,572,754,791,361,160,666,591,298,322,495,464,334,706,761,691,449,423,472,337,114,78,335,94,97,75,169,551,278,481,724,526,330,292,429,370,188,85,508,276,223,132,447,456,263,543,693,708,599,420,610,537,201,112,525,616,533,549,844,866,500,812,995,"delta"
"hCoV-19/India/RJ-INSACOG-AIIMSJ-118165/2021|EPI_ISL_14822490|2021-05-01",884,604,572,751,799,366,163,664,593,297,322,503,464,335,713,762,693,454,430,478,344,113,75,336,93,98,75,170,548,283,485,729,528,334,291,431,370,189,85,515,276,222,130,447,465,263,548,690,706,599,423,614,542,200,113,530,622,542,548,846,865,504,812,991,"delta"
"hCoV-19/India/RJ-INSACOG-AIIMSJ-118193/2021|EPI_ISL_14822492|2021-05-01",885,604,572,752,796,368,163,665,595,300,322,503,464,337,721,755,693,448,433,480,344,112,76,336,94,97,75,169,550,284,488,734,530,336,293,432,370,186,85,518,280,222,133,447,466,266,545,690,705,603,422,613,544,202,111,537,622,541,552,848,863,507,809,984,"delta"
"hCoV-19/India/RJ-INSACOG-AIIMSJ-118198/2021|EPI_ISL_14822493|2021-05-01",891,607,573,756,800,367,163,666,595,301,324,504,466,338,716,764,696,453,433,478,343,111,76,337,94,97,76,170,551,285,485,732,532,335,292,432,372,188,86,514,279,221,133,450,465,264,549,695,708,600,426,618,545,201,112,536,623,542,550,849,870,507,814,998,"delta"
"hCoV-19/India/RJ-INSACOG-AIIMSJ-118199/2021|EPI_ISL_14822494|2021-05-01",892,610,577,765,804,367,163,676,600,302,325,505,472,339,724,774,699,455,433,483,347,115,77,336,95,96,75,171,559,287,495,739,534,336,295,437,373,187,85,523,281,223,134,452,466,271,552,700,719,608,427,624,546,206,112,545,626,547,556,861,881,512,819,1011,"delta"
"hCoV-19/India/RJ-INSACOG-AIIMSJ-118205/2021|EPI_ISL_14822495|2021-05-01",882,606,571,756,795,364,163,670,595,299,323,498,468,338,714,765,694,451,428,478,342,116,77,335,93,97,78,171,554,283,488,733,533,333,289,431,372,188,86,516,280,223,134,449,461,266,547,693,706,601,427,620,542,202,113,537,618,543,551,849,871,507,812,992,"delta"
"hCoV-19/India/RJ-INSACOG-AIIMSJ-118211/2021|EPI_ISL_14822496|2021-05-01",884,606,575,763,798,365,163,673,598,301,326,499,468,340,719,768,697,451,430,478,342,115,78,338,95,97,75,172,558,285,493,735,533,336,294,434,372,188,85,520,281,223,134,453,462,268,550,697,714,605,425,620,544,205,113,540,623,544,556,853,876,509,814,1001,"delta"
"hCoV-19/India/RJ-INSACOG-AIIMSJ-118219/2021|EPI_ISL_14822497|2021-05-01",882,601,569,754,790,361,160,666,590,301,323,496,463,337,707,758,693,449,427,473,338,112,78,335,93,96,75,170,548,282,484,729,530,332,290,425,372,188,85,510,278,222,133,447,456,261,545,692,701,594,424,613,542,202,111,532,616,537,549,841,865,507,807,989,"delta"
"hCoV-19/India/RJ-INSACOG-AIIMSJ-118223/2021|EPI_ISL_14822498|2021-05-01",881,606,570,754,793,362,160,668,591,300,322,495,463,337,708,758,697,449,426,472,338,112,78,335,93,96,75,170,549,283,486,728,530,331,291,426,371,188,85,512,277,222,133,448,458,262,546,691,703,596,421,614,542,201,111,531,617,538,550,844,864,503,809,990,"delta"
"hCoV-19/India/RJ-INSACOG-AIIMSJ-118225/2021|EPI_ISL_14822499|2021-05-01",883,605,572,750,799,364,162,665,591,298,323,502,464,335,713,760,694,452,430,479,344,111,76,332,93,97,76,169,547,281,484,729,527,332,291,432,371,188,85,514,277,222,131,447,464,265,547,688,706,600,422,611,541,200,112,530,621,541,547,846,864,502,811,988,"delta"
"hCoV-19/India/RJ-INSACOG-AIIMSJ-118226/2021|EPI_ISL_14822500|2021-05-01",891,611,577,760,803,367,163,676,596,300,326,506,472,338,723,769,697,454,431,484,350,114,76,337,94,97,77,170,558,282,488,740,532,336,295,436,371,188,85,518,283,223,134,454,469,269,551,697,719,607,425,622,542,208,114,537,626,543,557,856,874,512,820,1004,"delta"
"hCoV-19/India/RJ-INSACOG-AIIMSJ-118228/2021|EPI_ISL_14822501|2021-05-01",883,604,572,758,794,364,160,670,593,300,323,497,464,337,714,762,696,450,427,475,341,113,78,337,93,96,75,170,553,282,488,731,532,333,292,428,371,188,85,512,279,222,134,450,457,265,548,695,706,600,422,616,542,204,111,535,620,539,553,848,870,508,810,996,"delta"
"hCoV-19/India/RJ-INSACOG-AIIMSJ-118230/2021|EPI_ISL_14822502|2021-05-01",887,608,573,753,799,367,163,667,594,299,323,504,464,337,715,761,697,453,431,477,344,111,76,336,94,97,76,170,550,286,484,731,530,333,292,433,372,188,86,513,277,222,132,448,465,264,549,692,707,601,424,614,543,201,112,535,623,542,548,848,867,504,813,993,"delta"
"hCoV-19/India/RJ-INSACOG-AIIMSJ-118233/2021|EPI_ISL_14822503|2021-05-01",892,613,578,763,803,373,164,675,601,301,326,507,471,338,724,772,701,455,435,483,353,115,75,340,95,98,75,170,558,286,493,741,534,337,295,437,372,189,86,522,280,223,131,454,468,269,552,700,719,609,427,622,546,206,113,541,627,547,556,858,880,513,819,1008,"delta"
"hCoV-19/India/RJ-INSACOG-AIIMSJ-118239/2021|EPI_ISL_14822504|2021-05-01",880,603,571,749,798,364,162,662,591,298,322,502,464,333,712,760,693,452,430,477,342,111,75,334,94,97,75,169,546,282,483,727,525,331,291,431,370,189,86,513,274,222,129,447,462,263,546,691,705,599,422,612,542,198,112,529,619,541,546,844,866,503,809,990,"delta"
"hCoV-19/India/RJ-INSACOG-AIIMSJ-118924/2021|EPI_ISL_14822505|2021-05-01",873,600,567,749,793,359,160,661,587,298,320,494,459,335,703,758,692,451,424,471,337,111,78,332,94,97,75,169,545,279,480,722,526,328,290,426,370,188,86,507,275,222,132,444,454,261,541,688,698,593,418,610,538,200,111,526,614,534,546,837,861,500,807,987,"delta"
"hCoV-19/India/RJ-INSACOG-AIIMSJ-118928/2021|EPI_ISL_14822506|2021-05-01",870,597,565,738,791,362,161,651,587,294,315,492,454,329,707,742,685,445,424,468,337,112,75,330,93,96,74,168,540,278,479,711,519,328,288,426,365,184,83,507,269,220,128,435,460,262,537,675,696,595,411,601,529,196,112,519,612,529,535,839,849,487,792,951,"delta"
"hCoV-19/India/RJ-INSACOG-AIIMSJ-118932/2021|EPI_ISL_14822507|2021-05-01",803,549,520,684,731,337,147,603,541,270,289,449,420,298,663,686,632,419,392,435,314,100,67,303,83,87,63,147,494,262,449,648,480,300,264,393,336,164,73,463,247,200,123,407,416,244,502,635,641,551,373,554,497,183,93,484,566,479,502,794,789,453,727,878,"delta"
"hCoV-19/India/RJ-INSACOG-AIIMSJ-118944/2021|EPI_ISL_14822508|2021-05-01",875,600,569,746,795,360,159,659,584,297,321,497,459,328,713,758,690,449,425,475,340,111,76,329,93,97,76,166,542,282,478,717,523,329,290,430,369,187,85,511,274,220,131,446,461,260,543,685,702,595,415,607,534,198,112,520,621,538,543,840,857,494,808,983,"delta"
"hCoV-19/Spain/CT-HUGTiPM112UI0A6/2021|EPI_ISL_14823872|2021-07-23",892,611,578,763,804,368.5,162,675,601,300,325,505,472,340,726,773,700,455.5,432,484,349.5,115.5,77,337,95,97,75,170,559,286,495,736,535,336,295,438,373,189,85,520,282,223,133,452,466,271,552,698,717,606,426,626,545,206,113,544,626,547,557,860,878,511,818,1007,"delta"
"hCoV-19/Spain/CT-HUGTiPM112UI0B6/2021|EPI_ISL_14823884|2021-07-29",892,612,578,763,804,369,162,675,601,300,325,505,471,340,726,773,700,455,432,485,349,115,77,337,95,97,75,170,559,287,494,737,535,336,295,439,373,188,85,520,282,223,133,452,466,271,552,698,717,607,426,624,546,206,113,545,627,546,557,860,878,512,818,1007,"delta"
"hCoV-19/Spain/CT-HUGTiPM112UI0F12/2021|EPI_ISL_14823995|2021-07-28",895,611,577,764,804,370,162,675,600,301,325,505,470,338,726,775,700,455,433,484,351,115,77,338,94,97,74,171,560,287,494,736,534,336,295,439,373,188,85,521,282,223,133,452,466,270,551,699,718,609,426,622,544,207,112,543,628,546,558,858,879,511,819,1009,"delta"
"hCoV-19/India/RJ-INSACOG-AIIMSJ-118931/2021|EPI_ISL_14824462|2021-05-01",767,518,489,646,693,314,143,585,514,248,281,423,391,279,630,655,594,397,373,403,290,92,67,282,83,80,65,148,479,252,417,617,461,295,251,373,316,154,75,433,244,190,116,389,398,228,486,603,598,525,353,533,468,171,91,464,539,460,478,755,741,435,699,846,"delta"
"hCoV-19/Brazil/PE-L22_GATES-CD17908/2021|EPI_ISL_14801250|2021-08-20",892,613,578,759,805,372,165,675,603,300,323,501,473,335,721,777,699,457,432,482,346,111,76,341,97,97,76,170,556,288,495,735,534,338,295,440,371,186,88,519,278,222,131,452,466,268,552,697,717,609,422,625,548,205,111,539,629,545,553,860,879,512,819,1008,"gamma"
"hCoV-19/Brazil/PE-L22_GATES-CD17914/2021|EPI_ISL_14801252|2021-08-20",879,604,568,751,795,363,163,665,595,293,315,496,466,332,712,764,688,449,428,471,335,108,73,335,95,95,77,167,546,284,486,727,526,332,291,436,365,180,88,513,274,221,129,441,460,258,542,686,709,601,412,616,541,200,110,530,621,537,544,842,867,507,804,995,"gamma"
"hCoV-19/Brazil/SP-L35_GATES-CD18286/2021|EPI_ISL_14801254|2021-08-20",863,585,549,739,775,354,162,640,578,286,311,476,453,317,689,754,672,438,417,459,330,108,73,328,93,95,74,167,528,277,474,706,506,327,286,419,361,179,84,501,270,220,130,426,443,254,526,669,695,581,399,596,520,198,110,516,597,524,531,823,848,496,786,970,"gamma"
"hCoV-19/Brazil/PE-L35_GATES-CD18355/2021|EPI_ISL_14801270|2021-08-23",877,600,569,747,791,362,163,655,592,292,317,490,464,327,702,762,685,446,427,467,335,109,73,335,94,96,77,168,541,284,483,719,522,332,290,432,365,181,88,511,273,222,131,439,449,257,542,686,709,593,405,609,534,200,111,526,617,535,540,837,863,503,802,983,"gamma"
"hCoV-19/Brazil/PR-L35_GATES-CD18316/2021|EPI_ISL_14801287|2021-08-24",892,612,578,759,805,371,167,674,604,299,323,505,474,334,721,774,697,461,432,480,348,114,75,339,96,97,77,171,556,286,492,735,533,337,297,438,372,187,88,518,277,223,132,453,466,268,552,701,719,607,424,626,545,204,111,538,628,546,553,858,881,510,820,1006,"gamma"
"hCoV-19/Brazil/PE-L35_GATES-CD18352/2021|EPI_ISL_14801289|2021-08-25",882,603,573,742,796,361,164,661,595,292,319,489,463,325,705,759,692,449,425,469,341,108,73,331,95,96,76,166,540,286,486,720,521,334,291,434,365,183,87,511,272,222,131,443,448,263,544,685,705,596,406,607,533,201,109,529,618,536,542,842,864,498,803,984,"gamma"
"hCoV-19/Brazil/PE-L35_GATES-CD18356/2021|EPI_ISL_14801290|2021-08-25",888,604,575,751,798,366,165,662,598,295,320,495,468,327,709,766,691,451,429,471,343,112,74,336,96,96,77,169,544,285,489,723,526,336,292,435,368,184,88,513,274,223,132,446,454,264,546,691,713,600,412,613,533,203,111,530,621,539,546,845,873,501,807,988,"gamma"
"hCoV-19/Brazil/PE-L36_GATES-CD18361/2021|EPI_ISL_14801291|2021-08-25",892,613,578,759,805,370,165,674,604,300,323,503,474,335,722,776,697,457,433,482,347,112,75,340,97,97,76,170,556,287,494,736,534,336,296,440,371,187,89,519,277,223,132,453,466,267,552,699,719,608,423,626,546,205,111,540,628,546,554,858,881,513,818,1004,"gamma"
"hCoV-19/Brazil/BA-L19_GATES-CD18351/2021|EPI_ISL_14801292|2021-08-25",892,608,577,765,804,371,164,672,603,300,321,502,474,334,721,780,698,456,431,482,346,112,75,342,96,97,76,170,556,287,495,734,534,337,296,437,370,187,88,520,277,222,132,451,465,268,552,696,718,610,422,625,547,205,112,538,628,546,553,858,881,513,817,1007,"gamma"
"hCoV-19/Brazil/PE-L35_GATES-CD18338/2021|EPI_ISL_14801303|2021-08-26",886,607,575,751,799,366,166,663,599,293,318,496,464,332,711,765,695,455,426,475,343,111,73,336,97,97,77,169,545,287,488,722,528,333,294,436,367,184,89,510,272,223,131,442,456,267,544,691,710,599,411,610,542,202,112,533,623,537,542,851,866,503,810,989,"gamma"
"hCoV-19/Brazil/PE-L35_GATES-CD18358/2021|EPI_ISL_14801306|2021-08-26",882,603,573,742,796,361,164,661,595,292,319,489,463,325,705,759,692,449,425,469,341,108,73,331,95,96,76,166,540,286,486,720,521,334,291,434,365,183,87,511,272,222,131,443,448,263,544,685,705,596,406,607,533,201,109,529,618,536,542,842,864,498,803,984,"gamma"
"hCoV-19/Brazil/PE-L36_GATES-CD18362/2021|EPI_ISL_14801319|2021-08-27",886,601,570,758,792,369,165,668,594,295,319,497,473,333,714,772,688,453,429,478,344,111,75,338,96,96,76,171,553,286,490,725,528,335,290,435,366,185,87,514,276,221,129,447,461,267,544,690,713,605,416,621,546,203,112,534,622,540,549,847,869,509,810,1002,"gamma"
"hCoV-19/Brazil/SP-L36_GATES-CD18709/2021|EPI_ISL_14801320|2021-08-27",843,576,537,729,755,349,163,629,565,279,299,467,442,321,682,743,661,435,414,459,327,105,72,320,93,97,74,166,516,275,464,691,502,319,277,419,358,172,85,485,264,215,123,411,434,258,506,655,679,566,382,581,529,198,110,512,595,509,517,809,817,495,778,961,"gamma"
"hCoV-19/Brazil/SP-L187-CD19155/2021|EPI_ISL_14801324|2021-08-27",865,603,564,746,795,367,166,666,588,294,320,500,470,331,707,763,677,459,426,474,340,106,72,334,97,94,76,169,547,283,487,730,523,330,293,432,359,183,87,514,276,219,131,448,464,264,543,697,713,602,418,619,542,197,111,533,617,536,547,851,871,505,814,993,"gamma"
"hCoV-19/Brazil/SP-L187-CD18548/2021|EPI_ISL_14801351|2021-08-30",876,608,570,750,801,367,165,669,598,299,321,499,469,332,712,767,683,458,432,477,342,110,73,338,97,95,76,169,550,286,492,732,529,334,296,435,366,184,87,518,277,219,131,450,462,263,544,696,716,602,418,618,541,203,112,535,622,542,549,847,873,510,812,998,"gamma"
"hCoV-19/Brazil/SP-L187-CD18580/2021|EPI_ISL_14801352|2021-08-30",857,599,563,741,785,362,163,659,586,290,314,495,467,323,707,756,675,450,417,469,334,109,73,332,97,90,75,165,541,281,481,722,520,323,291,429,355,182,86,506,268,217,130,447,458,263,535,694,708,597,414,614,537,196,105,528,611,532,543,843,867,499,806,990,"gamma"
"hCoV-19/Brazil/SP-L187-CD18628/2021|EPI_ISL_14801356|2021-08-30",874,610,571,746,801,369,166,668,599,299,321,499,469,331,711,767,685,457,432,479,344,110,74,338,97,96,76,169,549,287,492,730,529,335,296,435,366,185,87,517,276,220,131,449,462,264,543,696,713,602,418,618,542,203,111,535,623,540,548,848,871,509,813,996,"gamma"
"hCoV-19/Brazil/SP-L187-CD18803/2021|EPI_ISL_14801361|2021-08-30",853,591,558,731,779,357,160,653,579,286,308,485,457,319,699,750,669,444,411,464,330,108,71,328,93,89,74,162,533,275,478,718,515,322,283,423,349,177,85,502,263,212,127,447,450,262,528,689,697,592,405,607,530,195,102,521,608,526,540,835,861,492,804,983,"gamma"
"hCoV-19/Brazil/SP-L187-CD18809/2021|EPI_ISL_14801362|2021-08-30",876,610,569,749,802,369,165,669,597,300,321,498,469,332,711,767,686,459,432,477,344,107,73,336,96,95,76,170,549,288,491,730,527,335,296,434,367,183,87,516,277,221,131,448,461,264,543,698,715,601,418,619,541,202,112,537,622,537,549,850,874,508,813,1001,"gamma"
"hCoV-19/Brazil/SP-L187-CD18561/2021|EPI_ISL_14801372|2021-08-31",876,607,570,751,801,369,166,667,598,299,321,499,469,330,712,768,685,459,432,476,343,109,75,338,97,96,76,169,547,285,491,732,529,335,296,435,366,185,87,516,277,220,131,449,462,264,544,697,714,602,418,617,542,203,110,534,623,539,549,850,873,510,814,996,"gamma"
"hCoV-19/Brazil/SP-L187-CD18678/2021|EPI_ISL_14801379|2021-08-31",809,545,525,699,736,344,140,609,545,268,281,455,441,298,669,713,629,416,372,443,313,101,59,306,81,78,62,142,496,248,437,669,484,304,264,397,320,161,75,452,249,182,120,428,427,235,501,650,657,564,388,582,491,173,89,483,574,479,516,788,827,455,750,918,"gamma"
"hCoV-19/Brazil/SP-L187-CD18819/2021|EPI_ISL_14801384|2021-08-31",875,610,570,747,801,370,166,670,597,298,322,498,467,332,712,766,686,460,432,476,346,109,73,336,97,96,76,169,549,286,492,732,528,335,295,436,364,185,87,518,278,220,131,450,463,264,544,695,713,602,417,618,543,201,112,535,622,540,550,849,871,509,813,996,"gamma"
"hCoV-19/Brazil/PE-L37_GATES-CD18786/2021|EPI_ISL_14801393|2021-09-01",888,604,574,751,799,365,164,662,599,295,321,493,466,329,709,766,694,451,429,471,343,109,75,336,96,96,78,169,544,287,487,723,525,335,294,436,367,185,89,512,274,224,132,447,453,264,547,691,710,600,411,612,536,204,111,531,621,538,546,846,871,502,808,989,"gamma"
"hCoV-19/Brazil/PE-L37_GATES-CD18793/2021|EPI_ISL_14801395|2021-09-01",882,600,571,746,794,360,162,662,596,292,315,492,464,326,707,760,689,447,426,464,337,109,73,330,95,94,77,166,540,284,484,721,522,334,291,435,365,179,88,508,273,221,130,441,452,258,540,684,706,597,407,612,530,201,109,529,618,533,543,835,867,501,798,987,"gamma"
"hCoV-19/Brazil/SP-L187-CD18515/2021|EPI_ISL_14801397|2021-09-01",833,566,543,719,758,354,145,631,562,273,294,474,453,310,693,737,646,427,391,455,321,106,66,317,85,84,67,151,521,257,457,693,501,310,272,417,331,168,80,478,258,198,124,439,445,250,516,673,682,585,397,602,509,182,96,502,595,501,534,820,847,472,784,955,"gamma"
"hCoV-19/Brazil/SP-L187-CD18655/2021|EPI_ISL_14801404|2021-09-01",878,608,570,750,800,368,166,668,598,299,321,498,467,331,711,768,684,458,431,476,343,110,73,339,97,95,76,170,549,287,491,730,530,334,295,434,364,185,87,518,277,219,131,450,464,264,545,695,714,602,419,617,542,203,112,532,621,541,549,850,872,507,814,1003,"gamma"
"hCoV-19/Brazil/PR-L36_GATES-CD18753/2021|EPI_ISL_14801411|2021-09-01",892,613,579,759,804,372,168,674,605,300,322,503,473,334,720,774,698,458,432,480,347,112,75,342,97,96,78,172,556,288,494,736,534,339,296,437,370,187,88,520,276,223,132,453,467,268,551,699,719,608,423,625,547,205,112,538,628,546,552,857,880,512,818,1007,"gamma"
"hCoV-19/Brazil/PR-L36_GATES-CD18754/2021|EPI_ISL_14801431|2021-09-02",892,613,578,759,807,372,166,673,604,300,323,502,472,335,721,775,699,459,433,482,347,112,75,342,97,97,78,170,556,288,492,736,534,338,295,438,371,187,89,519,277,223,132,453,465,267,552,698,717,608,423,624,548,205,112,538,627,546,552,857,880,513,817,1010,"gamma"
"hCoV-19/Brazil/SP-L187-CD18670/2021|EPI_ISL_14801440|2021-09-03",853,592,559,738,780,361,157,652,581,287,309,492,465,318,704,752,673,445,411,465,334,108,69,328,92,88,72,159,536,276,470,720,516,319,287,425,349,179,85,502,265,214,129,441,453,256,528,686,700,594,412,611,531,192,100,520,609,525,539,831,863,493,802,984,"gamma"
"hCoV-19/Brazil/PR-L36_GATES-CD18759/2021|EPI_ISL_14801450|2021-09-03",892,613,578,758,806,372,166,673,604,300,323,502,472,335,721,776,699,458,433,482,347,113,75,341,97,97,77,170,555,288,494,736,534,338,295,439,371,186,88,520,277,223,132,453,466,267,551,699,716,608,423,625,548,205,112,539,628,545,553,858,880,514,818,1004,"gamma"
"hCoV-19/Brazil/PR-L36_GATES-CD18761/2021|EPI_ISL_14801452|2021-09-03",889,611,575,759,804,370,166,669,603,296,323,500,469,333,706,774,697,457,431,476,346,112,75,338,97,97,77,169,549,285,488,730,533,336,295,434,367,184,87,513,276,223,130,448,461,265,549,689,715,605,421,613,544,205,112,532,622,535,547,847,876,510,808,988,"gamma"
"hCoV-19/Brazil/BA-L19_GATES-CD18773/2021|EPI_ISL_14801457|2021-09-04",892,612,578,759,806,371,165,674,603,300,324,503,473,336,721,775,697,459,433,482,345,111,74,340,97,97,77,170,556,287,494,736,533,338,296,439,369,187,89,520,278,223,132,452,467,267,552,700,719,607,423,625,551,201,113,539,628,545,552,861,879,514,819,1005,"gamma"
"hCoV-19/Brazil/PE-L37_GATES-CD19238/2021|EPI_ISL_14801492|2021-09-09",888,611,576,756,803,369,166,669,601,295,321,498,469,332,716,769,697,457,431,475,344,112,75,340,97,97,77,170,548,287,491,733,532,337,293,437,369,185,89,513,275,222,130,448,457,266,548,697,714,602,415,618,544,205,111,537,626,542,547,852,876,512,812,998,"gamma"
"hCoV-19/Brazil/PE-L37_GATES-CD19242/2021|EPI_ISL_14801494|2021-09-09",885,604,575,751,797,366,165,663,600,295,320,495,468,327,708,766,691,452,429,470,342,111,73,337,96,96,77,168,546,286,489,724,527,336,293,435,368,183,88,514,274,223,133,446,454,264,546,690,712,599,413,613,535,203,111,531,621,539,546,845,870,503,808,989,"gamma"
"hCoV-19/Brazil/SP-L38_GATES-CD19591/2021|EPI_ISL_14801498|2021-09-09",891,610,576,763,806,372,166,670,605,300,323,503,473,336,721,777,699,457,433,481,347,112,75,342,98,97,77,170,555,287,493,735,534,338,298,438,371,187,88,520,277,223,132,453,466,268,552,698,716,609,424,625,546,205,113,538,628,546,553,858,881,511,819,1005,"gamma"
"hCoV-19/Brazil/PR-L37_GATES-CD19214/2021|EPI_ISL_14801503|2021-09-09",884,602,575,756,798,366,166,663,603,298,319,499,470,335,720,773,687,455,429,479,343,112,75,337,97,97,76,172,551,283,490,726,532,337,295,438,367,186,88,519,275,222,133,446,463,266,548,693,714,599,420,625,542,203,113,531,627,543,548,853,875,505,813,995,"gamma"
"hCoV-19/Brazil/PR-L37_GATES-CD19215/2021|EPI_ISL_14801510|2021-09-10",884,609,575,749,798,365,162,666,592,294,320,493,460,331,711,760,696,452,423,470,343,110,73,333,95,94,77,167,545,282,484,729,528,333,290,431,365,181,88,508,275,221,132,446,449,265,542,693,709,597,411,612,535,203,110,533,620,533,545,843,876,503,804,993,"gamma"
"hCoV-19/Brazil/BA-L19_GATES-CD19537/2021|EPI_ISL_14801523|2021-09-15",892,612,579,760,805,371,166,673,605,300,322,503,472,337,720,775,698,459,433,480,347,112,74,341,97,97,77,169,556,286,493,738,535,337,295,438,371,186,88,520,275,223,132,453,467,267,552,698,718,607,423,626,547,205,112,539,628,545,552,859,880,513,819,1005,"gamma"
"hCoV-19/Brazil/PR-L02_GATES-CD10857/2021|EPI_ISL_14813862|2021-06-05",874,601,572,745,789,364,159,656,592,291,315,495,462,324,715,755,688,447,418,470,340,111,74,336,95,92,76,162,544,282,486,715,527,324,287,430,361,184,86,506,268,220,131,449,458,265,542,690,703,596,416,611,533,202,106,529,613,534,546,849,863,499,799,987,"gamma"
"hCoV-19/Brazil/PR-L35_GATES-CD17892/2021|EPI_ISL_14813863|2021-08-19",882,604,570,753,793,366,163,660,594,292,319,491,467,329,709,768,691,449,427,474,338,110,74,339,96,97,75,166,542,286,487,727,528,333,289,435,368,183,87,514,273,223,131,439,452,260,542,687,708,596,410,611,542,202,110,529,622,540,541,845,865,508,810,988,"gamma"
"hCoV-19/Brazil/PE-L02_GATES-CD11960/2021|EPI_ISL_14813867|2021-06-20",869,595,571,741,785,361,162,651,598,294,313,491,460,328,710,757,679,450,418,468,336,112,74,331,95,92,77,168,539,282,480,709,525,327,291,433,360,182,87,505,266,217,131,442,456,260,540,688,703,587,416,613,534,198,109,523,617,531,535,843,865,494,796,979,"gamma"
"hCoV-19/Brazil/SP-L25_GATES-CD11629/2021|EPI_ISL_14813891|2021-05-18",892,613,578,759,807,372,166,673,604,299,323,503,472,335,721,774,699,459,433,482,347,112,75,342,97,97,77,170,555,288,494,734,534,338,295,438,371,186,88,519,276,223,131,454,467,268,551,698,717,608,423,623,548,206,112,537,628,545,553,857,878,512,817,1000,"gamma"
"hCoV-19/Brazil/SP-L21_GATES-CD16149/2021|EPI_ISL_14813893|2021-07-24",823,565,548,719,755,350,152,637,571,282,296,484,448,320,688,736,647,436,396,462,323,105,67,321,90,89,70,155,533,269,462,693,506,315,281,417,345,175,80,488,262,206,119,432,444,249,523,668,679,578,407,594,518,187,105,511,596,511,534,813,833,483,781,957,"gamma"
"hCoV-19/Brazil/SP-L21_GATES-CD16996/2021|EPI_ISL_14813895|2021-07-27",822,571,546,717,757,350,156,634,568,282,295,486,444,321,687,732,649,432,399,462,327,105,67,322,92,90,70,156,528,267,461,696,508,314,281,413,345,178,80,488,260,206,119,432,444,248,525,668,677,580,404,592,513,189,105,508,596,513,533,811,837,479,780,956,"gamma"
"hCoV-19/Brazil/SP-L20_GATES-CD17713/2021|EPI_ISL_14813897|2021-08-06",891,613,577,757,807,372,165,672,603,300,323,503,471,336,721,773,698,458,434,482,347,112,75,339,97,97,76,169,553,287,492,735,533,337,296,439,371,186,87,519,277,222,132,453,465,266,552,698,716,608,422,623,547,203,112,537,628,544,553,856,881,510,816,1003,"gamma"
"hCoV-19/Brazil/SP-L187-CD18854/2021|EPI_ISL_14813902|2021-08-22",853,596,556,729,790,364,165,657,580,292,311,490,461,324,699,743,670,453,418,470,336,107,71,327,95,92,76,168,541,276,480,718,510,329,288,422,354,180,85,510,269,217,128,442,459,259,533,686,701,598,410,606,531,191,110,521,605,528,541,837,854,494,799,970,"gamma"
"hCoV-19/Peru/LIM-PUCP-CSFV3643/2021|EPI_ISL_14816450|2021-08-09",893,613,578,762,806,373,166,674,602,301,324,503,473,338,724,774,699,459,433,483,346,114,75,343,99,98,77,170,557,288,493,738,534,338,295,440,372,186,90,521,279,223,133,453,466,270,553,698,719,609,425,624,550,205,113,538,627,547,554,861,881,510,819,1008,"gamma"
"hCoV-19/Peru/LIM-PUCP-CSFV3339/2021|EPI_ISL_14818660|2021-06-07",887,607,572,756,797,372,164,667,598,296,321,500,469,330,713,770,694,454,429,477,346,112,75,340,96,96,76,168,552,286,487,726,531,335,293,433,368,185,88,512,276,223,132,448,459,265,548,692,710,604,421,616,543,204,109,532,622,539,550,848,871,506,811,999,"gamma"
"hCoV-19/Peru/LIM-PUCP-CSFV3375/2021|EPI_ISL_14818661|2021-06-21",877,603,573,748,792,368,163,665,595,295,320,493,464,329,704,762,692,448,426,468,343,112,74,340,97,96,77,167,548,284,484,729,525,336,291,430,366,186,87,511,273,222,133,450,451,260,545,694,706,601,413,613,533,203,113,529,617,537,548,840,870,506,809,992,"gamma"
"hCoV-19/Peru/LIM-PUCP-CSFV3457/2021|EPI_ISL_14818667|2021-08-15",892,616,577,759,806,375,166,672,602,300,323,503,471,335,723,771,702,458,433,478,347,114,75,342,99,98,77,170,556,286,494,736,533,337,294,439,372,186,90,520,276,223,132,453,467,268,554,698,717,608,424,624,546,203,113,538,626,547,552,861,879,511,815,1003,"gamma"
"hCoV-19/USA/MA-MGB-08500/2022|EPI_ISL_14835216|2022-08-03",747,519,484,641,686,314,145,564.5,492,247,284,419,400,267,628,649.5,600,386,369,396,293,90,67,288,86,82,72,144,464,228.5,422,628,446,282.5,244,375.5,320,163,74,453,237,204,117,402,398,225,478,615,598,522,346,532,452,171,98,437,533,477,487,751,736,437.5,720,871,"omicron"
"hCoV-19/USA/MA-MGB-08501/2022|EPI_ISL_14835217|2022-08-03",861,595.5,562.5,743.5,778.5,355,157,656.75,578.5,289,316,479.5,464.25,330,700.75,750.75,684,438,417.5,469,331,102,72,332,90,96,77,166,541,276.5,472,724.5,517.5,326.5,280,423,362,181,88,505.25,266.5,223,131.5,441.5,446.25,256,527.75,683.25,700,587.25,403,610.25,537,199,112,520,612,528.25,538,826.25,848,506.5,804,980.5,"omicron"
"hCoV-19/USA/MA-MGB-08502/2022|EPI_ISL_14835218|2022-08-03",866,590,565,749,782,359,160,654,581,286,317,492,463,328,710,765,681,447,419,472,340,103,71,326,91,94,76,167,542,272,477,721,518,327,283,428,357,180,87,508,268,220,131,450,456,268,537,691,705,592,409,617,540,198,110,524,616,532,545,843,862,504,812,987,"omicron"
"hCoV-19/USA/MA-MGB-08506/2022|EPI_ISL_14835219|2022-08-03",827,563.5,540.5,707,743.5,341,150,619,551.5,273,302,457,441,308,672.5,712,645.5,416,392,442,316,100,68,312,89,90,74,155,511,255,454,683,493.5,308,269,407.5,342,169,83,483,260.5,211,125.5,431.5,427,243,510.5,661,672,567,382,577,494,186,107,489,577,503,527,798,819,470,768,933,"omicron"
"hCoV-19/USA/MA-MGB-08508/2022|EPI_ISL_14835220|2022-08-03",847,580.5,553.5,732,765.5,351,158,641.5,568.5,278,311,479,458,323,691.5,742.5,669.5,432,409,463,326,101,70,325,90,94,77,165,533,262.5,467,707,506.5,322.5,276,418,353,174,88,498,263.5,221,129.5,438.5,442,256,524.5,680,690,581,398,602,529,196,110,505,601,520,535,821,838,498.5,794,971,"omicron"
"hCoV-19/USA/MA-MGB-08509/2022|EPI_ISL_14835221|2022-08-03",812,562.5,538.5,704,747.5,340,153,629.5,547.5,275,302,457,443,310,664.5,705.5,646.5,428,398,444,320,97,66,317,89,90,75,156,511,262.5,460,696,484.5,315.5,271,398,344,171,85,488,255.5,214,128.5,430.5,429,246,506.5,664,674,564,375,577,505,192,106,495,577,509,523,802,807,479.5,780,936,"omicron"
"hCoV-19/USA/MA-MGB-08511/2022|EPI_ISL_14835222|2022-08-11",720,511,468,624,674,310,137,564,485,245,278,407,391,262,618.5,627,584,379,362,392,289,88,66,284,83,79,68,142,460,231,415,618,437,274,247,366.5,312,159,73,443,235.5,199,117.5,393.5,392,219,458.5,604,582,521,339,516,442,170,95,433,521,464,482,731,715,428,706,848,"omicron"
"hCoV-19/USA/MA-MGB-08514/2022|EPI_ISL_14835223|2022-08-12",841,577,544,717,755,344,155,638.5,566,279,306,462,449,312,677.5,725.5,661,425,406,445,322,98,70,321,90,91,76,162,522,266.5,463,702,502,318.5,274,413,350,175,86,492,263.5,217,126.5,432.5,427,246,514.5,673,675,572,389,589,510,194,108,503,588,516,531,804,827,490.5,784,968,"omicron"
"hCoV-19/USA/MA-MGB-08520/2022|EPI_ISL_14835224|2022-08-19",746,518,477,642,680,317,145,569.5,487,248,280,417,407,271,617.5,657.5,595,387,366,399,294,92,67,284,85,83,73,148,471,230.5,423,622,442,282.5,244,376,317,160,76,452,240.5,204,115.5,397.5,395,227,471.5,613,600,524,346,536,456,168,101,441,532,470,489,744,733,437.5,723,873,"omicron"
"hCoV-19/USA/MA-MGB-08522/2022|EPI_ISL_14835225|2022-08-16",768,535,500,665,709,323,145,584,515,261,291,430,412,284,646,670,614,399,379,417,302,96,67,295,86,87,72,147,480,241,435,646,465,293,256,383,328,166,77,468,254,207,122,411,409,231,490,626,621,534,363,547,470,175,103,455,542,484,509,768,764,447,732,891,"omicron"
"hCoV-19/USA/MA-MGB-08523/2022|EPI_ISL_14835226|2022-08-16",834,567.5,535.5,711,735.5,335,152,623,547.5,275,307,456,442,306,675,717,650.5,415,394,445,312,99,67,310.5,85,92,72,159,509,256,453.5,691,494.5,305,269,404,350,170.5,84,488.5,260,215.5,126.5,427.5,426,247.5,512.5,660,669,558,388,580,507,184,105,487.5,580,510.5,524,803.5,818,474,777,958,"omicron"
"hCoV-19/USA/MA-MGB-08524/2022|EPI_ISL_14835227|2022-08-16",839,575.5,551.5,724,764.5,346,157,632,559.5,277,306,477,448,321,693.5,730,664.5,426,407,459,323,99,69,323,88,94,77,163,526,263,467,702,502.5,321,267,415.5,348,176,86,498,260.5,216,128.5,438.5,448,256,519.5,678,684,577,395,594,521,193,110,505,598,521,532,823,828,489,794,963,"omicron"
"hCoV-19/USA/MA-MGB-08525/2022|EPI_ISL_14835228|2022-08-16",832,568,546,716,748,340,154,633,553,275,307,465,445,311,678.5,725,655,418,402,450,317,100,68,316,90,93,77,158,516,261,458,693,496,318,270,409.5,349,172,87,490,263.5,217,126.5,431.5,430,248,514.5,670,679,571,383,584,511,189,109,489,587,513,528,808,826,478,785,953,"omicron"
"hCoV-19/USA/MA-MGB-08526/2022|EPI_ISL_14835229|2022-08-12",839,575,540,715,749,338,156,633.5,560,280,304,459,443.5,308,677.5,716.5,659,417,405,443.5,317,97,71,314,91,94,77,160.5,515,267.5,456,691,500,315.5,271,410,354,175,85,489,262.5,218,126.5,425.5,426.5,245,511.5,664,671,569,387,577,504.5,189,110.5,493,583,511,525,802,819,477.5,776,960,"omicron"
"hCoV-19/USA/MA-MGB-08527/2022|EPI_ISL_14835230|2022-08-16",821,573.5,531.5,704,741.5,337.5,155,626.5,548.5,275,303,455,440,299.5,670.5,708.5,654.5,415,399,439,315,97,71,313.5,91,91,75,157,509,259.5,451,683,492.5,310.5,268,403,351,174,81,484,260.5,216,126.5,422.5,424,244,504.5,656,662,561.5,383,572.5,500,188,107,478.5,574,508,521,794,806,471.5,771,942,"omicron"
"hCoV-19/USA/MA-MGB-08528/2022|EPI_ISL_14835231|2022-08-12",823,559.5,535.5,707,733.5,335,150,614,542.5,274,301,454,437,304,669.5,711,646.5,407,391,441,315,98,68,309,90,91,73,154,504.5,253.5,451,677,488.5,304.5,268,403,342,170,83,483,258.5,212,125.5,427.5,425,246,505.5,655,667,562.5,377,570.5,495,187,107,480,573,501,524,796,810.5,465.5,768,934,"omicron"
"hCoV-19/USA/MA-MGB-08529/2022|EPI_ISL_14835232|2022-08-22",836,573.5,546.5,722,749.5,341,156,632.5,556.5,275,309,464,444,310,685.5,727.5,662.5,420,402,451,318,99,68,317,90,93,74,159,516,260.5,458,696,500.5,314.5,271,413,351,174,84,490,260.5,219,128.5,428.5,432,252,510.5,672,679,571,385,581,517,188,108,491,592,512,525,815,825,481.5,790,957,"omicron"
"hCoV-19/USA/MA-MGB-08530/2022|EPI_ISL_14835233|2022-08-22",820,556.5,527.5,702,729.5,331,150,612.5,537.5,270,299,451,435,300,667.5,702.5,640.5,405,389,437,309,98,68,304,90,91,73,154,503,246.5,448,671,486.5,303.5,267,399,342,170,81,479,257.5,212,127.5,423.5,421,244,505.5,653,659,558,375,567,491,180,109,473,571,499,521,795,800,462.5,765,927,"omicron"
"hCoV-19/USA/MA-MGB-08533/2022|EPI_ISL_14835234|2022-08-22",823,562.5,529.5,696,734.5,333,153,612.5,539.5,270,299,451,432,302,663.5,698.5,647.5,412,394,437,314,98,66,307,88,90,73,157,494,254.5,446,676,487.5,305.5,266,402,342,168,84,479,258.5,212,128.5,420.5,418,242,503.5,656,653,554,370,561,500,186,105,472,575,501,519,791,794,464.5,773,920,"omicron"
"hCoV-19/USA/MA-MGB-08534/2022|EPI_ISL_14835235|2022-08-23",747,516,485,640,686,316,142,564,505,253,281,419,403,280,615.5,638,599,386,378,403,299,94,64,289,85,85,68,147,454,235,424,631,452,288,250,371.5,323,159,77,453,246.5,201,119.5,390.5,395,222,473.5,606,590,519,345,522,458,177,102,438,525,473,489,739,724,438,713,851,"omicron"
"hCoV-19/USA/MA-MGB-08535/2022|EPI_ISL_14835236|2022-08-23",762,543,500,665,713,321,148,590,512,257,290,435,417,282,648,669,618,396,378,419,296,92,65,294,88,87,72,148,485,236,435,646,462,291,255,385,329,162,80,465,249,209,120,410,406,236,485,632,628,542,362,547,473,172,102,453,544,483,506,766,771,446,731,889,"omicron"
"hCoV-19/USA/MA-MGB-08538/2022|EPI_ISL_14835237|2022-08-23",856,583.5,559.5,741,773,355,159,642.5,570.5,284,315,483,460.5,328,698.5,753,672,436,412,469,332,102,69,326,91,93,77,164,534.5,268.5,473.5,714,510.5,325,279,422.5,354,174,88,506,267.5,217,129.5,445.5,451,259,526.5,683.5,701.5,585,403,607.5,530,198,109,516,608,528,538,827.5,851,497.5,803,981,"omicron"
"hCoV-19/USA/MA-MGB-08539/2022|EPI_ISL_14835238|2022-08-24",825,563,546,713,744,338,155,615,547,273,304,460,439,308,680,712,656,413,390,442,318,100,69,312,89,92,75,158,511,252,455,682,491,311,263,408,341,172,83,489,257,213,127,436,436,251,514,667,675,566,385,576,498,189,107,484,580,507,527,814,816,467,779,934,"omicron"
"hCoV-19/USA/MA-MGB-08541/2022|EPI_ISL_14835239|2022-08-24",759,536,500,663,707,320,147,590.5,515,265,289,435,418,285,652.5,662.5,619,398,384,414,302,94,70,294,87,88,72,151,485,244.5,436,646,458,297.5,253,388,331,169,76,470,247.5,208,122.5,412.5,415,234,483.5,629,622,533,367,553,475,177,105,457,547,485,507,763,757,451.5,730,891,"omicron"
"hCoV-19/USA/MA-MGB-08542/2022|EPI_ISL_14835240|2022-08-25",806,553,516,691,727,328,150,603,527,267,297,444,428,294,653.5,692,636,402,386,427,305,97,69,300,91,91,75,152,498,245,438,665,474,304,259,390.5,336,166,84,476,257.5,208,124.5,416.5,415,239,499.5,646,650,549,375,559,483,180,106,467,552,496,510,787,792,458,754,910,"omicron"
"hCoV-19/USA/MA-MGB-08543/2022|EPI_ISL_14835241|2022-08-25",819,556.5,528.5,703,728.5,333,152,609,540.5,269,301,450,434,302,667.5,705,640.5,406,389,435,310,98,68,306,89,91,72,157,504,247,445,673,487.5,303,267,400.5,339,170,83,479,258.5,211,125.5,423.5,423,244,505.5,651,660,558,376,570,493,181,106,475,570,500,520,793,803,462,765,925,"omicron"
"hCoV-19/USA/MA-MGB-08544/2022|EPI_ISL_14835242|2022-08-25",796,544,509,672,714,326,149,588.5,520,259,291,436,420,289,649.5,672.5,628,400,385,421,307,97,65,295,87,89,71,151,476,240.5,432,651,471,296.5,255,393,335,163,79,461,252.5,208,123.5,409.5,407,236,489.5,632,626,537,358,545,478,178,105,455,556,482,508,768,763,450.5,743,879,"omicron"
"hCoV-19/USA/MA-MGB-08545/2022|EPI_ISL_14835243|2022-08-25",755,532,493,650,700,325,147,589.5,511,252,287,426,405,278,631.5,656.5,601,400,376,407,303,94,67,294,89,89,71,146,477,239.5,432,643,461,293.5,256,378,324,164,76,457,246.5,207,120.5,405.5,405,227,482.5,624,613,536,352,536,457,175,105,451,542,473,501,761,750,443.5,731,880,"omicron"
"hCoV-19/USA/MA-MGB-08547/2022|EPI_ISL_14835244|2022-08-25",700,499,455,607,649,301,139,547,475,238,268,393,382,256,585,616,571,368,353,372,280,85,65,276,85,80,69,143,440,224,413,597,426,270,235,356,307,157,73,433,228,196,113,382,381,214,448,585,564,499,332,504,428,163,100,418,499,456,469,710,696,415,688,829,"omicron"
"hCoV-19/USA/MA-MGB-08569/2022|EPI_ISL_14835245|2022-08-23",833,569,544,717,756,341,156,628,557,277,304,467,444,311,684.5,728,655,421,406,450,319,99,68,315,91,92,76,161,517,261,459,696,495,317,270,413.5,351,173,84,494,261.5,214,125.5,433.5,436,251,517.5,668,680,574,386,587,506,188,112,496,586,519,529,811,830,479,784,962,"omicron"
"hCoV-19/USA/MA-MGB-08571/2022|EPI_ISL_14835246|2022-08-22",773,537,504,672,699,324,145,588,518,258,288,437,421,288,645,680,620,385,378,416,299,94,69,290,90,89,71,150,484,236,432,649,467,291,254,393,330,162,81,465,247,206,120,410,411,234,486,629,626,543,366,553,471,172,105,458,550,485,504,763,772,448,739,891,"omicron"
"hCoV-19/USA/MA-MGB-08573/2022|EPI_ISL_14835247|2022-08-23",833,568,544,717,747,340,153,628,553,275,305,460,442,309,674.5,726,657,417,398,447,317,99,68,316,90,92,76,156,514,259,457,691,495,314,270,408.5,347,172,85,489,261.5,215,126.5,429.5,428,247,510.5,667,677,569,382,579,508,189,108,488,583,511,525,807,823,478,784,952,"omicron"
"hCoV-19/USA/MA-MGB-08576/2022|EPI_ISL_14835248|2022-08-23",711,506,459,616,667,304,141,562.5,475,240,277,403,390,263,605,619.5,577,384,359,389,286,86,66,279,85,80,71,141,449,232.5,414,611,431,272.5,243,361.5,315,157,74,436,235,201,115,390,385,219,458,599,573,512,335,511,441,170,96,429,513,461,478,727,707,421.5,702,840,"omicron"
"hCoV-19/USA/MA-MGB-08577/2022|EPI_ISL_14835249|2022-08-22",863,597.5,567.5,743,782.5,357,162,656.5,583.5,291,318,488,464,331,705.5,755.5,687.5,445,423,471,339,101,71,328,93,96,76,167,542,278.5,478,712,520.5,329.5,281,432,365,179,87,503,268.5,221,131.5,447.5,449,267,534.5,686,700,586,409,610,540,202,112,523,618,526,543,834,849,501.5,803,974,"omicron"
"hCoV-19/USA/MA-MGB-08578/2022|EPI_ISL_14835250|2022-08-22",858,592.5,561.5,738,779.5,353,160,650.5,579.5,288,316,476,459,327,701.5,746.5,676.5,441,416,465,328,100,72,330,91,95,74,168,536,272.5,478,720,515.5,324.5,281,428,360,179,85,507,267.5,221,128.5,440.5,448,256,524.5,684,700,585,401,603,531,198,111,519,611,527,539,828,846,504.5,801,979,"omicron"
"hCoV-19/USA/MA-MGB-08583/2022|EPI_ISL_14835251|2022-08-22",869,599.5,560.5,746,780.5,359,158,657.5,583.5,288,319,486,463,328,699.5,755.5,688.5,443,422,466,339,103,74,328,92,95,76,166,538,275.5,473,723,521.5,326.5,284,424,361,182,87,502,268.5,222,131.5,446.5,450,261,535.5,686,696,587,410,610,539,199,110,522,612,527,542,834,852,505.5,807,989,"omicron"
"hCoV-19/USA/MA-MGB-08584/2022|EPI_ISL_14835252|2022-08-22",857,585.5,557.5,734,779.5,352,156,647.5,581.5,286,312,479,458,319,691.5,747.5,677.5,437,419,462,334,102,73,320,90,94,76,164,533,269.5,465,708,512.5,327.5,280,418,357,181,87,497,265.5,219,130.5,441.5,441,255,525.5,680,687,585,402,602,525,194,108,511,601,523,538,816,844,495.5,796,982,"omicron"
"hCoV-19/USA/MA-MGB-08585/2022|EPI_ISL_14835253|2022-08-22",802,543,523,689,718,339,143,597,538,258,294,452,421,297,649,691,636,400,385,424,315,99,69,301,82,90,74,146,500,251,433,658,479,301,262,389,335,162,80,464,248,207,123,408,413,230,493,641,640,553,372,556,477,184,100,480,563,486,495,771,787,463,740,897,"omicron"
"hCoV-19/USA/MA-MGB-08586/2022|EPI_ISL_14835254|2022-08-22",878,601.5,574,757.5,796.5,361,159,661.5,592.5,294.5,319,497,471,332.5,719,770.5,694.5,450,428,480,343.5,104,74,330,91,96,76,169,547,281,478,728.5,524.5,331.5,286,434.5,367,184,87,513.5,269.5,223,132.5,450,461,268,540,694,714,595,415,621,545.5,202.5,112,529.5,623.5,538,547.5,847,866,509,819,999,"omicron"
"hCoV-19/USA/MA-MGB-08587/2022|EPI_ISL_14835255|2022-08-22",843,571.5,547.5,712,757.5,348,149,632,565.5,275,308,474,445,308,678,722,665.5,424,403,444,325,102,72,317,86,92,73,157,524,260,455,690,497.5,315,277,410,345,176,82,484,255,215,129,436,437,250,519,667,668,576,395,587,508,190,105,496,593,505,525,806,820,482,777,944,"omicron"
"hCoV-19/USA/MA-MGB-08589/2022|EPI_ISL_14835256|2022-08-22",859,587,558.5,735,776,353,157,649.5,579.5,285.5,314,480,457,319,693,744.5,681,436,418.5,459,335,102,73,324,91,94,75,165,533,269.5,464,710,512.5,326.5,281,419.5,357.5,181,87,496,266,219,131,442,441,257,526,683,687,586,401,600,526,198,108,507,603,523,538,819,843,494.5,800,978,"omicron"
"hCoV-19/USA/MA-MGB-08590/2022|EPI_ISL_14835257|2022-08-22",878,602,572,757,797,362,162,662.5,592,293,320,497,470,333,716.5,770.5,694,450,429,480,343.5,104,74,331,92,96,76,171,548,280,481,727.5,524,332.5,286,435,367,184,87,511,268.5,224,132.5,449.5,462,269,538.5,697,713,599,415,618,545.5,202.5,112,532,625,536,546,849,865,511,820,1001,"omicron"
"hCoV-19/USA/MA-MGB-08591/2022|EPI_ISL_14835258|2022-08-22",852,584.5,555.5,729,773.5,350,157,646.5,575.5,283,313,479,454,319,687.5,743.5,674.5,436,418,454,329,101,72,324,90,95,75,164,534,268.5,462,711,508.5,324.5,278,420,355,180,87,496,263.5,220,133.5,440.5,439,257,527.5,678,686,582,399,601,525,195,108,509,602,520,536,817,841,493.5,798,972,"omicron"
"hCoV-19/USA/MA-MGB-08592/2022|EPI_ISL_14835259|2022-08-24",870,597.5,562.5,747,784.5,356,159,659.5,587.5,291,315,487,465,332,708.5,756.5,686.5,443,422,472,336,102,74,327,92,95,76,168,544,275.5,474,723,522.5,327.5,283,430,362,183,88,507,268.5,221,131.5,445.5,452,263,535.5,687,698,591,413,613,541,198,110,523,615,533,544,837,854,502.5,811,987,"omicron"
"hCoV-19/USA/MA-MGB-08593/2022|EPI_ISL_14835260|2022-08-25",867,595.5,560.5,744,781.5,357,158,657.5,585.5,288,316,485,461,327,703.5,753.5,683.5,443,422,469,337,103,74,326,91,95,76,166,539,272.5,473,720,522.5,327.5,283,424,360,182,87,503,268.5,222,130.5,444.5,448,260,531.5,689,694,588,410,608,539,198,109,518,612,527,543,833,852,504.5,807,987,"omicron"
"hCoV-19/USA/MA-MGB-08594/2022|EPI_ISL_14835261|2022-08-24",879,602.5,572.5,756,796.5,363,161,663.5,592.5,292,320,497,471,333,717.5,770.5,693.5,450,428,481,344,104,74,331,93,96,76,169,548,280.5,482,727,524.5,333.5,286,435,366,183,88,513,270.5,223,131.5,450.5,462,268,539.5,694,713,598,415,620,546,203,111,530,623,539,548,847,865,509.5,818,999,"omicron"
"hCoV-19/USA/MA-MGB-08595/2022|EPI_ISL_14835262|2022-08-24",795,534.5,517.5,680,715.5,334,143,602,531.5,258,294,446,424,291,648,689,623.5,402,381,430,308,96,65,302,82,87,73,147,504,251,434,660,477.5,302,259,386,327,163,83,468,247,206,123,411,409,235,493,641,631,556,373,556,486,178,98,477,564,490,497,773,779,462,749,902,"omicron"
"hCoV-19/USA/MA-MGB-08596/2022|EPI_ISL_14835263|2022-08-24",852.5,583.5,555.5,726,769.5,351.5,155.5,646.5,576.5,281.5,313,482.5,452.5,314,683,741,676.5,433.5,416.5,452,331,102,73,323.5,89.5,92,75,163.5,531.5,268,464,706.5,506.5,323.5,279.5,416,352.5,180.5,84.5,495.5,259,218.5,129,440.5,442,255.5,527.5,679,683,582.5,402,596.5,525.5,195.5,107,504.5,600.5,520,530,817.5,838,495,793.5,969,"omicron"
"hCoV-19/USA/MA-MGB-08597/2022|EPI_ISL_14835264|2022-08-25",850,579.5,553,730.5,767.5,351,155,641.5,575.5,280.5,313,478,453,316.5,688,741.5,675.5,430,417,457,331,102,73,324,89,94,74,163,528,269.5,463,705,508.5,324.5,280,416.5,357,180,84,492.5,263,219,130,439,436,257,526,678,679,581,397,595,524,197,108,507.5,602,520,534,816,835,494.5,795,966,"omicron"
"hCoV-19/USA/MA-MGB-08598/2022|EPI_ISL_14835265|2022-08-25",861,593.5,562.5,736,779.5,356,160,653.5,583.5,292,318,485,460,320,694,748.5,678.5,442,421,466,335,102,72,328,94,95,76,164,534,271.5,475,715,520.5,326.5,287,419.5,362,184,87,504,270,221,132,437,441,258,533,683,693,587,408,601,531,195,110,510,606,530,534,829,854,496.5,797,993,"omicron"
