Country,AAA,AAC,AAG,AAT,ACA,ACC,ACG,ACT,AGA,AGC,AGG,AGT,ATA,ATC,ATG,ATT,CAA,CAC,CAG,CAT,CCA,CCC,CCG,CCT,CGA,CGC,CGG,CGT,CTA,CTC,CTG,CTT,GAA,GAC,GAG,GAT,GCA,GCC,GCG,GCT,GGA,GGC,GGG,GGT,GTA,GTC,GTG,GTT,TAA,TAC,TAG,TAT,TCA,TCC,TCG,TCT,TGA,TGC,TGG,TGT,TTA,TTC,TTG,TTT
Egypt,894,614,577,764,806,368,162,676,602,299,327,505,473,340,726,777,700,452,434,486,347,115,77,340,95,96,75,171,561,287,492,739,536,338,294,439,374,188,84,519,282,223,133,453,467,271,552,699,720,608,428,627,545,208,114,544,628,547,556,859,882,513,820,1010
Egypt,895,613,577,766,804,367,164,672,602,301,326,507,473,340,726,778,700,454,435,483,349,116,75,339,96,98,75,170,560,285,491,738,536,335,296,441,374,189,84,521,282,224,133,452,471,271,551,695,721,605,428,627,545,207,116,542,628,545,557,858,877,514,820,1008
Guinea,849,590,541,736,780,357,161,645,570,288,311,480,454,326,697,745,675,440,421,466,336,107,76,323,92,96,72,169,543,270,471,710,500,327,272,419,361,177,84,503,267,215,128,435,450,260,520,677,693,586,414,601,525,201,108,523,589,526,534,823,847,501,784,971
Nigeria,888,607,577,759,802,368,163,673,600,300,322,504,470,338,721,772,697,454,433,483,345,112,76,337,93,97,75,172,557,286,492,734,532,337,293,438,372,185,86,518,281,221,132,452,461,273,548,698,715,608,422,621,548,205,112,541,626,543,557,852,878,509,817,1005
Nigeria,890,609,577,760,802,368,164,673,599,299,323,501,469,337,722,773,697,455,431,483,346,112,77,336,95,97,76,171,557,286,491,735,534,335,292,438,373,186,85,517,279,223,132,453,463,272,549,697,716,608,421,620,545,205,113,543,626,542,556,856,876,511,818,1004
Sudan,856,578,556,727,768,352,155,641,582,288,310,489,446,325,681,735,675,430,421,453,331,105,72,324,87,92,74,162,533,273,473,702,511,322,280,413,357,181,80,504,258,213,122,430,454,254,530,667,675,586,411,594,523,195,108,512,599,529,517,824,833,486,785,947
Sudan,857,578,558,728,765,355,153,640,583,285,313,488,450,321,686,738,674,429,419,454,335,108,70,325,84,92,72,161,536,270,474,705,508,318,279,417,357,179,79,507,258,214,122,434,452,259,528,670,682,588,412,596,519,197,107,513,597,531,521,826,840,486,787,963
Sudan,839,560,545,713,748,352,149,628,569,280,302,477,447,316,672,723,653,423,405,448,328,107,68,319,84,87,69,157,524,261,462,693,495,314,271,408,347,173,76,491,251,199,119,428,444,254,521,654,670,580,406,589,506,191,104,502,584,521,507,811,830,472,768,950
Sudan,857,578,558,727,763,353,153,640,583,285,313,487,451,320,685,738,675,427,418,453,335,108,69,325,84,93,72,158,537,271,473,706,507,317,279,416,357,179,79,507,257,214,123,435,451,258,528,669,681,587,412,598,518,198,106,515,595,530,521,826,839,488,786,963
Sudan,819,547,532,697,730,340,145,621,556,273,294,462,433,309,641,703,639,416,393,430,314,102,69,313,81,89,69,151,511,258,452,681,486,306,265,388,339,173,76,475,239,198,117,417,433,242,508,642,651,567,394,571,495,184,100,493,569,503,491,795,806,463,757,917
Sudan,889,606,575,755,802,365,162,665,595,300,320,500,468,338,722,766,699,452,431,482,347,113,76,334,93,96,74,171,550,284,487,729,531,335,289,436,371,186,85,515,282,220,133,447,464,267,546,692,706,601,420,621,544,206,111,536,621,541,555,851,867,508,813,990
South_Africa,887,609,575,758,794,363,160,673,600,297,318,502,469,333,722,769,694,449,425,479,345,114,77,332,93,94,75,170,554,284,489,730,533,327,294,438,368,186,84,512,277,220,132,448,464,272,543,693,715,605,423,618,540,205,111,540,622,539,552,853,874,507,812,1004
South_Africa,888,606,575,762,797,365,158,671,598,297,321,501,468,334,725,768,695,450,426,479,344,113,77,336,93,92,75,169,553,285,489,732,533,330,294,435,368,187,84,512,277,222,132,451,464,270,546,695,715,605,422,619,541,205,110,540,624,540,554,855,876,507,813,1004
South_Africa,888,610,575,758,794,369,160,668,599,297,319,504,468,331,723,766,696,447,428,478,342,113,76,341,90,96,75,168,554,284,488,736,532,330,292,433,371,186,84,515,276,222,132,449,464,270,545,697,715,604,424,619,542,204,109,538,622,541,553,856,876,508,816,1001
Japan,892,612,578,761,801,366,165,673,599,303,325,504,474,339,724,771,697,451,432,480,347,112,78,338,95,98,75,174,560,283,494,735,537,335,295,438,371,191,88,516,283,222,132,452,464,272,552,698,717,607,425,629,541,207,111,545,628,543,557,856,880,510,814,1006
Mongolia,927,612,578,766,805,370,163,674,602,301,327,506,472,340,724,776,702,454,433,485,349,113,77,339,94,97,76,171,561,288,491,737,536,335,296,438,373,186,85,520,282,223,134,455,466,273,554,702,719,611,429,623,547,209,113,544,627,543,557,863,882,512,821,1014
India,871,599,572,755,793,362,158,664,591,299,322,496,464,335,714,762,693,446,426,475,340,114,78,335,94,96,75,169,553,281,483,726,527,331,292,430,369,188,85,511,278,223,133,449,456,265,545,695,706,601,418,615,538,203,113,532,617,535,553,847,867,505,810,996
India,867,594,569,748,787,360,158,653,584,295,321,491,457,327,705,753,684,442,422,468,337,114,77,331,94,96,75,166,541,276,475,709,524,327,291,424,362,187,84,499,273,218,134,445,452,261,537,688,703,594,410,602,530,198,112,518,615,523,540,836,859,494,797,967
India,859,585,561,743,780,358,155,645,580,293,318,485,455,326,702,747,682,434,415,465,335,113,74,330,92,94,71,164,543,272,469,705,514,326,289,420,360,185,81,492,272,213,131,447,451,260,536,680,693,593,411,602,521,196,111,521,605,519,543,831,850,491,791,965
Indonesia,886,606,575,759,803,367,162,673,597,299,325,501,470,336,721,772,698,453,432,483,347,112,77,335,93,97,74,171,555,284,488,733,531,337,292,437,371,186,85,515,281,220,132,453,464,270,545,697,712,609,422,620,545,206,111,537,626,541,555,851,874,509,819,1003
Indonesia,887,608,577,757,801,369,163,673,598,298,325,505,469,334,719,770,697,452,435,482,348,108,76,337,93,99,75,170,554,284,486,735,533,337,292,435,372,186,87,515,281,221,132,453,464,268,547,698,713,609,421,618,545,206,111,534,625,542,555,849,874,510,819,1003
Indonesia,887,605,577,760,801,367,162,672,597,299,324,502,472,336,720,773,698,452,432,482,347,112,77,335,93,97,74,171,555,283,487,734,533,336,292,435,372,186,85,515,280,221,132,452,463,270,546,697,712,609,421,624,544,206,111,537,626,541,555,851,875,509,820,1002
India,862,594,564,739,783,356,159,656,586,293,320,491,455,325,698,752,686,440,422,465,331,109,77,330,92,95,76,168,538,277,476,714,524,329,287,421,365,188,86,504,272,220,131,442,454,258,535,681,687,591,416,605,534,195,109,515,611,535,538,827,852,493,802,977
India,702,472,454,613,629,301,138,546,476,251,258,395,376,277,587,611,569,367,346,395,292,97,66,269,76,81,62,153,438,232,412,605,419,281,241,341,308,158,77,434,221,190,114,359,376,217,450,557,551,494,339,502,448,168,91,438,509,455,450,692,696,419,657,782
India,857,579,562,731,777,345,154,642,578,286,311,481,449,319,693,741,676,433,412,460,325,107,72,321,88,95,72,160,530,271,466,694,516,324,281,417,358,182,84,491,272,215,129,425,437,251,527,669,680,582,401,594,522,191,105,507,600,519,529,817,841,484,779,939
India,884,603,570,751,801,364,162,665,593,298,322,501,465,334,716,762,693,454,430,478,342,109,75,334,93,97,76,169,549,281,485,725,527,336,291,432,372,188,86,513,279,221,130,446,462,263,545,689,704,599,422,616,541,199,112,528,621,543,548,843,865,502,809,995
India,875,604,574,754,792,363,162,670,594,295,322,497,462,335,711,763,695,449,424,476,341,115,76,338,94,97,75,168,554,282,485,727,531,333,292,429,369,187,85,508,278,221,132,448,456,267,540,695,706,601,418,612,542,205,111,532,619,536,550,846,865,506,815,992
India,867,589,564,737,786,350,160,651,583,294,314,487,453,325,699,750,682,444,419,467,329,110,75,328,92,97,72,168,540,279,473,705,520,329,284,422,365,187,85,501,272,217,131,430,444,257,532,677,688,585,410,601,532,195,109,517,608,530,533,825,847,492,793,962
India,817,541,533,690,730,326,141,591,545,269,294,447,415,297,641,691,638,405,383,422,303,99,65,303,78,89,65,145,493,256,432,634,486,302,270,385,331,168,74,456,251,200,122,389,405,224,494,620,640,540,369,547,485,177,97,465,569,470,481,762,783,447,715,845
India,881,603,575,758,791,365,161,670,596,297,322,499,465,333,713,767,694,450,427,475,341,113,77,338,93,97,74,169,554,285,488,728,531,335,292,430,370,188,84,512,279,219,133,448,456,267,546,695,711,599,420,615,544,204,111,534,620,541,550,848,870,508,812,1000
Poland,891,608,579,764,804,366,162,674,601,301,325,504,471,338,725,774,699,455,432,484,346,111,76,337,94,97,74,171,557,288,495,734,535,336,294,437,373,188,85,521,281,223,133,452,467,271,550,698,717,607,426,623,547,205,113,542,626,546,557,859,879,510,818,1006
Poland,892,606,572,761,802,365,160,669,593,300,323,502,468,336,721,769,697,453,431,481,343,110,77,333,91,97,74,170,553,284,489,731,531,335,291,431,373,188,85,517,280,222,134,447,464,266,549,695,711,602,424,621,544,200,110,538,624,544,552,855,874,506,816,1001
Poland,889,606,574,757,801,364,164,674,597,298,321,502,467,338,718,766,695,457,428,481,343,113,75,332,94,97,76,170,554,286,490,730,530,336,294,434,371,185,85,517,279,219,132,449,462,270,551,694,712,604,422,617,546,201,113,537,624,544,550,856,873,503,815,1000
Poland,888,609,577,761,802,369,161,671,601,296,326,503,469,336,724,771,697,452,431,482,347,113,77,339,94,98,74,168,557,283,490,733,534,335,295,436,371,187,84,515,282,223,133,452,463,269,548,698,716,607,423,621,542,207,112,538,623,540,557,855,879,511,813,1006
Poland,881,603,573,757,802,366,159,667,594,297,324,501,469,336,716,772,691,454,426,483,346,113,77,336,94,97,72,168,556,283,491,727,528,334,294,433,364,188,84,515,280,218,132,453,465,271,548,689,714,603,423,620,542,205,111,539,621,539,555,851,871,507,811,1000
France,888,608,574,761,800,367,163,672,598,296,324,501,469,336,713,771,698,455,431,480,346,112,77,335,93,96,75,170,553,288,490,732,533,333,291,432,373,186,82,515,278,224,131,445,462,270,543,693,712,606,423,616,545,205,112,541,621,540,548,852,873,508,815,1008
France,888,608,574,761,801,367,162,672,598,296,324,501,469,336,713,772,698,455,431,481,346,112,77,335,94,95,75,169,553,289,490,732,533,333,291,432,373,186,81,516,278,224,131,444,462,270,542,692,712,606,423,616,545,205,113,541,620,541,547,852,873,508,815,1009
Ukraine,847,578,542,723,777,349,160,631,573,287,308,476,453,328,693,724,664,434,419,467,324,108,76,323,94,91,72,173,520,279,467,695,508,329,279,415,356,182,84,494,266,215,132,431,448,254,526,654,671,576,404,593,527,192,110,513,598,523,532,803,823,480,770,932
Ukraine,874,596,570,751,796,359,161,654,594,295,321,494,463,334,708,760,687,446,426,474,340,111,75,333,95,94,73,170,546,284,483,716,525,337,291,430,362,184,86,511,276,222,130,439,459,263,539,678,705,591,417,610,535,205,110,531,618,532,543,837,855,499,800,981
Ukraine,784,500,496,651,676,291,127,584,503,245,275,430,394,276,592,662,581,389,349,397,267,89,62,284,75,80,61,144,477,247,419,605,453,285,249,349,307,162,70,436,222,193,104,366,394,232,462,575,613,504,359,527,466,160,101,444,536,457,445,724,738,415,689,837
USA,886,607,573,752,801,366,164,666,594,299,320,498,462,339,718,759,697,455,429,480,346,112,77,334,95,97,73,172,550,283,488,726,528,333,292,434,373,185,85,513,278,222,132,444,462,268,546,690,707,602,417,612,541,206,111,534,620,538,551,852,864,502,809,988
USA,831,578,541,720,768,353,149,631,559,278,299,471,437,325,693,729,672,427,404,458,328,105,68,318,85,90,69,154,523,265,461,695,496,316,268,420,352,164,79,487,260,209,125,418,444,246,505,654,671,580,394,586,513,197,102,508,596,505,519,806,827,484,767,938
USA,861,592,559,734,783,350,156,651,583,286,308,491,454,325,700,756,681,437,418,469,338,109,72,320,91,92,72,164,535,275,469,713,517,325,283,427,358,180,82,500,272,214,128,432,451,256,530,674,687,586,408,605,526,200,109,520,606,528,538,824,847,499,797,973
USA,835,562,541,711,738,342,147,624,561,276,295,465,429,311,682,721,658,415,397,448,325,104,68,311,86,87,70,153,501,267,453,693,499,311,274,411,343,170,80,478,259,207,124,412,437,245,506,641,657,562,385,573,512,192,101,501,589,501,513,799,811,483,761,930
USA,892,609,578,763,804,368,163,674,601,301,325,504,470,339,723,773,699,456,434,482,347,113,77,338,93,97,75,171,560,287,494,733,534,336,294,437,374,188,85,520,281,224,133,452,466,270,550,699,717,608,425,623,546,206,111,542,626,545,557,858,878,509,819,1006
Brazil,888,606,578,760,795,366,164,670,598,297,324,499,468,334,719,769,696,453,430,477,346,111,76,335,94,97,75,171,553,287,490,729,533,335,292,436,373,186,85,515,281,224,133,446,459,270,545,693,715,601,418,617,542,205,112,539,623,541,552,851,872,507,813,998
Brazil,879,594,564,747,774,359,162,653,589,292,314,490,462,330,707,756,680,438,423,475,340,111,75,325,90,96,72,171,541,280,479,716,521,331,288,424,366,181,82,503,277,218,129,435,450,267,535,683,704,585,410,609,536,200,110,535,608,526,544,839,856,504,796,988
Brazil,890,606,578,760,794,366,164,670,598,297,323,500,469,334,719,768,696,452,430,476,346,113,77,335,94,97,75,171,551,286,491,728,533,335,292,436,372,186,85,514,280,223,133,446,460,269,545,696,715,601,418,618,542,206,111,537,624,540,551,853,873,507,813,1001
Brazil,890,605,578,761,795,365,163,670,598,298,323,499,468,335,719,768,697,453,430,477,346,114,77,333,94,97,75,170,551,286,491,730,533,335,292,436,373,186,85,515,280,223,133,445,459,270,545,693,714,600,418,616,543,205,111,540,624,541,550,853,871,508,813,997
Brazil,891,606,577,761,797,367,164,670,598,298,323,499,467,333,719,768,698,453,431,476,347,113,77,335,94,97,75,171,552,286,490,730,533,337,292,434,372,186,85,515,280,223,133,446,459,270,545,694,713,602,418,616,542,206,111,538,624,540,551,852,872,508,813,998
USA,843,583,554,716,767,345,149,640.5,577.5,285,301,474.5,444.5,315,699,731,675,427.5,403,456,335.5,108,68.5,318,87,87.5,72,155,522,276,461,698,510.5,318,282,424,346,178,81,488.5,263,207,126,424.5,440.5,251,519.5,657,667.5,573,399,593.5,513,198,103,510,607,514,521.5,814,827,482,777,931
USA,893,613,577,764,803,371,164,675,599,301,327,503,472,340,721,773,702,455,434,483,350,116,78,339,96,97,76,171,559,286,494,736,533,336,294,437,373,188,85,519,280,225,134,454,467,271,550,697,719,609,425,622,548,208,113,542,625,542,556,857,877,514,815,1008
USA,889,611,577,759,796,368,160,673,598,297,322,500,466,334,724,767,698,451,426,477,347,117,77,337,95,93,75,168,554,286,488,733,534,328,294,437,368,187,84,511,276,222,132,452,465,270,544,697,715,607,420,618,541,206,110,540,624,538,553,856,875,507,815,1003
USA,888,608,576,762,794,366,160,673,599,298,322,499,470,333,723,769,698,450,425,475,346,113,77,337,94,93,75,168,554,284,489,733,533,329,294,436,368,187,84,512,276,222,132,452,464,269,545,697,715,606,422,622,540,207,109,538,623,538,553,856,878,508,813,1007
USA,888,611,576,759,795,368,160,673,598,297,323,501,467,333,724,766,696,450,426,477,347,114,77,337,94,93,75,168,555,286,489,732,532,329,295,436,367,187,84,512,277,221,132,453,466,269,545,697,717,606,422,618,540,206,109,540,623,539,553,855,876,507,812,1007
USA,893,613,578,763,804,369,163,676,600,301,327,504,471,341,722,771,702,454,435,482,349,114,77,338,95,97,75,171,560,286,494,736,534,335,294,437,374,187,85,520,280,224,134,455,466,271,551,699,718,610,425,623,546,208,113,542,625,544,557,857,880,510,816,1014
Indonesia,890,608,577,760,801,371,164,673,599,298,325,505,470,336,719,770,698,456,435,480,349,109,76,337,94,98,76,170,554,287,490,735,534,337,292,436,373,186,86,517,280,223,132,451,465,268,549,698,714,608,422,619,546,205,112,539,626,543,553,854,874,511,818,1002
Germany,882,607,575,759,795,367,161,673,594,295,324,504,467,330,711,770,695,451,427,475,344,113,77,337,92,95,75,170,553,279,490,729,534,335,292,426,368,187,84,511,281,222,133,449,462,268,547,698,712,602,423,618,541,205,110,530,620,538,553,852,873,509,815,1005
India,868,596,572,742,790,362,161,650,592,291,319,499,458,328,713,745,684,443,422,474,345,113,71,332,94,96,68,163,541,279,478,709,527,327,297,426,362,184,81,500,274,212,129,442,457,262,540,684,700,596,410,602,526,202,108,525,617,528,541,839,852,492,794,968
India,883,596,574,751,793,356,162,660,591,297,318,493,461,331,706,761,686,446,425,474,339,112,73,333,94,95,73,171,548,282,484,716,528,332,290,426,365,187,85,511,276,219,132,437,455,266,536,681,707,596,410,608,534,202,113,526,615,537,541,837,858,496,804,972
India,868,601,573,750,796,361,161,662,591,299,322,495,462,333,711,761,690,446,426,478,337,112,77,336,96,97,75,169,549,283,486,721,527,332,292,430,368,188,85,513,274,221,132,448,459,266,544,692,707,600,416,609,539,201,114,528,620,538,546,849,862,500,812,981
India,811,548,527,696,734,330,144,605,547,268,300,447,420,299,646,710,629,414,388,431,316,106,64,309,87,86,65,145,496,258,446,663,495,300,277,394,334,172,76,465,262,204,123,417,410,234,508,624,648,550,370,554,478,187,99,484,570,489,518,767,796,457,744,906
India,892,609,578,764,803,367,163,675,600,300,325,505,468,340,719,774,699,454,430,484,348,115,77,337,94,97,75,171,560,286,492,737,535,336,294,435,370,187,84,520,281,221,134,454,466,271,552,698,717,608,428,618,546,208,113,543,625,543,556,857,877,514,818,1011
India,890,609,578,763,802,369,163,673,601,301,325,505,470,338,723,774,697,453,433,482,348,115,76,339,95,96,75,172,561,287,493,737,535,337,295,437,371,188,85,522,281,223,134,453,465,271,551,699,718,608,426,624,544,206,114,543,627,546,557,856,880,511,819,1009
India,883,603,575,758,795,364,162,670,600,298,324,498,467,339,713,774,695,451,428,481,346,113,75,336,93,96,71,167,553,286,489,729,533,334,294,434,370,188,81,511,280,220,133,448,457,267,548,691,708,603,423,620,544,205,109,540,622,537,553,850,877,506,812,1004
India,883,606,575,758,794,364,161,672,597,300,324,498,465,337,714,768,696,449,428,477,343,114,77,338,94,97,75,170,556,283,487,733,534,333,293,433,371,189,85,513,280,222,134,452,457,266,548,696,708,603,423,616,542,205,113,536,622,539,555,847,872,511,814,1002
India,883,608,575,759,796,367,162,672,597,300,325,497,467,339,716,768,698,449,430,478,345,115,76,339,94,97,76,169,557,285,489,733,534,334,292,434,371,188,85,516,278,223,134,452,459,265,546,697,710,605,422,620,543,205,113,537,625,540,552,849,874,509,815,1002
India,892,611,578,764,802,372,165,675,600,300,325,509,473,338,723,772,700,454,434,482,350,115,76,339,96,98,76,170,558,285,492,741,535,337,295,436,373,188,86,520,281,222,134,453,467,270,551,701,718,611,427,624,545,205,113,542,626,547,555,857,882,512,819,1010
India,888,607,579,761,796,366,163,674,600,301,323,502,470,336,716,774,697,451,430,479,346,115,77,337,94,97,75,172,559,284,492,733,535,335,293,434,372,188,85,518,279,223,134,451,460,271,552,697,715,605,424,622,543,206,113,539,624,543,555,855,877,510,817,1011
India,883,605,574,761,794,366,160,673,596,300,325,497,467,337,715,767,698,450,428,478,345,115,77,338,93,98,75,167,558,283,487,732,532,335,293,430,373,188,84,513,280,222,135,452,457,266,547,695,710,603,423,617,542,205,112,536,621,539,554,849,871,509,814,1000
India,892,611,579,765,804,368,162,675,602,301,324,505,471,343,725,775,701,453,431,487,351,115,77,337,94,97,75,171,561,286,493,737,536,336,294,438,373,188,85,521,281,223,133,452,464,270,552,699,718,608,428,624,544,209,113,545,627,546,557,857,882,512,817,1013
India,892,612,578,763,805,369,163,675,599,301,325,505,471,339,723,777,702,456,431,485,350,117,77,338,95,97,75,171,559,287,492,736,535,335,295,436,372,189,85,520,281,223,134,453,466,270,553,697,716,608,426,626,547,207,113,541,626,545,557,857,880,512,818,1010
India,889,608,577,763,801,366,163,670,597,299,324,501,467,337,721,772,696,451,430,482,346,114,77,336,95,97,75,171,555,287,491,726,535,334,294,435,370,188,85,517,280,221,132,449,464,270,549,693,717,606,420,617,542,206,113,536,626,543,551,855,874,503,814,991
India,887,609,577,760,801,366,163,668,597,299,324,499,467,335,720,769,696,451,430,481,346,113,77,336,95,97,75,171,553,287,490,725,535,334,294,434,369,188,85,515,279,220,132,449,461,270,547,694,715,604,418,616,541,205,113,536,626,541,549,853,872,503,813,989
India,892,611,577,765,803,368,163,673,601,299,325,502,470,337,722,778,697,453,431,484,347,113,77,338,95,97,75,171,557,287,492,734,536,335,295,437,372,188,85,518,281,223,133,451,465,270,549,696,719,608,425,621,543,206,113,541,626,544,555,856,881,509,818,1008
India,892,612,577,765,803,370,163,673,601,299,325,505,471,339,724,777,699,453,431,486,350,115,77,339,95,97,75,171,559,287,493,735,536,335,295,437,372,188,85,519,281,223,133,453,466,271,553,699,719,609,427,623,544,207,113,543,627,545,557,860,882,510,819,1009
India,883,606,574,761,793,365,161,671,597,298,325,497,466,337,714,770,694,448,426,478,343,115,77,338,94,97,75,169,555,283,488,732,535,333,293,431,370,188,85,513,280,223,134,451,458,266,547,696,711,603,424,617,540,205,112,537,621,538,554,850,876,508,814,1001
India,891,609,577,764,799,367,162,672,598,298,324,504,470,337,717,775,696,451,429,483,347,115,77,338,94,97,76,170,556,285,489,734,536,334,294,433,371,188,85,514,281,223,133,451,460,270,551,698,718,605,424,620,542,207,113,540,624,540,555,854,881,510,816,1010
India,892,611,578,764,803,370,163,674,601,303,326,505,473,341,724,775,700,453,434,485,350,115,76,338,95,96,74,171,560,287,494,737,535,336,296,439,373,187,85,523,282,222,134,453,463,269,554,699,718,609,428,625,546,207,112,543,628,547,557,856,884,511,816,1014
India,892,611,578,765,803,370,162,672,601,302,326,504,471,341,725,776,701,452,433,486,350,115,77,339,95,96,75,172,559,287,493,738,535,335,294,439,373,188,86,522,280,224,134,453,466,271,553,698,718,608,428,623,546,208,113,544,627,547,557,859,881,512,819,1009
India,892,610,579,764,803,367,163,673,602,302,324,505,472,339,724,777,698,454,433,485,348,115,77,337,95,97,75,171,560,287,493,735,536,336,294,438,373,188,85,522,280,223,134,453,466,271,553,698,719,606,427,625,546,207,113,542,627,546,557,859,879,511,819,1013
India,892,610,577,766,803,368,163,673,601,300,325,505,472,340,724,778,697,453,431,486,348,115,77,338,95,97,75,171,559,287,493,735,536,335,295,438,372,188,85,519,281,223,133,453,466,271,553,699,720,608,428,624,544,207,113,544,627,545,557,860,883,510,819,1011
India,891,611,578,764,806,370,162,674,601,301,325,507,472,339,724,775,701,454,431,485,349,115,78,338,96,96,76,171,559,287,493,738,535,335,295,438,372,188,85,521,280,223,134,453,467,273,553,698,717,611,430,623,544,207,114,544,626,546,556,860,883,510,818,1011
India,893,613,578,764,805,369,163,674,600,302,326,505,473,341,725,775,701,454,433,485,349,115,76,339,95,97,74,170,561,287,493,739,535,336,295,438,372,188,84,523,282,222,133,451,465,271,550,698,719,607,427,627,547,207,113,544,627,546,556,858,881,512,819,1010
India,890,612,579,763,801,370,163,676,600,301,325,505,474,340,724,772,700,453,432,484,349,115,77,339,95,97,75,172,560,290,493,736,535,337,293,438,373,188,85,521,282,223,135,453,466,271,553,699,719,607,428,625,546,207,114,543,626,546,558,859,879,509,819,1009
India,891,614,579,763,802,370,163,676,600,301,325,505,473,340,724,772,701,453,432,484,349,115,77,339,95,97,75,172,560,290,492,737,535,337,293,437,373,188,85,521,282,223,135,453,466,271,553,699,719,607,427,626,546,207,114,543,625,546,558,859,880,509,819,1009
India,889,609,577,754,803,362,163,669,596,299,322,501,467,337,720,769,695,452,430,482,344,114,74,336,95,97,72,170,557,286,492,730,531,336,291,435,369,187,84,522,280,221,134,443,458,270,548,691,713,600,420,622,543,205,113,538,622,545,550,853,873,506,811,996
India,893,610,577,763,804,368,163,673,600,300,325,506,472,341,723,776,699,453,432,486,347,115,77,337,95,97,75,171,561,286,491,736,533,336,295,439,371,188,85,520,281,223,134,454,465,270,555,700,718,608,427,624,548,205,113,544,627,545,558,859,879,513,820,1012
India,890,612,579,763,805,368,164,674,602,301,325,505,470,339,724,775,700,455,433,484,349,115,77,338,96,97,75,171,561,287,492,736,535,336,295,439,373,188,85,521,281,223,134,453,466,271,552,698,719,608,427,622,545,207,113,543,626,546,557,858,879,511,819,1011
India,891,615,579,763,806,370,164,674,602,301,325,505,470,339,724,775,702,455,433,484,350,115,77,338,96,97,75,171,561,287,492,736,535,336,295,439,373,188,85,521,281,223,134,453,466,271,552,698,719,608,427,622,545,207,113,543,626,546,557,858,879,511,819,1011
India,890,611,579,762,805,368,164,674,602,301,325,504,469,338,723,774,699,455,433,483,347,113,76,339,96,97,74,171,560,287,493,736,535,336,295,438,373,188,85,520,281,223,134,452,466,271,550,698,718,608,426,621,545,206,113,543,625,545,557,858,878,511,819,1009
India,890,611,579,762,805,368,164,674,602,301,325,505,469,339,724,774,699,455,433,484,348,115,76,339,96,97,74,171,561,287,493,736,535,336,295,438,373,188,85,521,281,223,134,452,466,271,552,698,718,608,426,622,545,207,113,543,625,546,557,859,878,511,819,1009
India,892,611,578,764,805,368,164,674,601,302,325,505,470,339,724,775,699,455,433,484,348,115,77,338,96,97,75,171,561,287,492,736,535,336,295,438,373,188,85,521,281,223,134,453,466,271,552,698,719,608,427,622,545,207,113,543,626,546,557,858,879,511,819,1011
India,886,608,580,762,803,367,163,675,601,302,323,505,472,340,724,775,698,454,431,486,348,115,76,337,94,97,74,170,560,288,496,737,535,336,295,438,372,187,85,522,282,223,134,453,465,272,553,698,717,609,426,625,546,207,111,547,627,544,561,860,880,511,819,1010
Germany,879,598,570,751,788,362,162,662,589,294,321,494,461,333,718,753,690,449,423,470,341,113,78,337,93,96,72,172,550,280,488,721,526,331,286,430,366,188,84,512,277,221,132,448,458,267,545,695,703,596,419,614,537,206,109,528,614,539,553,851,862,500,806,989
Germany,867,583,563,730,773,360,156,642,573,286,310,480,449,325,687,742,674,438,411,464,339,108,71,328,86,92,71,165,535,272,475,703,513,323,276,420,351,179,81,502,270,212,128,438,438,257,523,666,688,587,399,589,524,199,106,514,603,523,539,801,841,489,781,957
Germany,865,587,567,741,781,356,159,652,587,292,318,489,452,329,712,749,685,439,420,469,334,112,77,334,89,96,74,170,545,279,477,715,521,329,282,426,363,186,84,510,274,218,130,444,458,265,542,681,689,593,417,606,535,203,109,520,608,537,544,843,851,494,800,974
Germany,859,584,557,736,778,357,157,654,578,291,318,488,454,326,698,744,673,443,421,470,336,108,75,332,88,93,71,169,546,283,478,709,513,326,289,419,359,185,80,507,274,217,132,440,446,258,534,672,691,593,408,597,534,201,109,523,607,530,542,813,843,500,781,977
Germany,860,582,557,730,767,356,155,647,570,291,308,484,451,321,694,738,663,436,417,464,334,110,73,328,88,94,72,166,539,271,479,702,514,324,277,417,355,180,85,501,268,213,128,436,441,264,524,674,692,583,402,593,524,199,107,516,606,523,537,817,839,490,785,946
USA,800,544,517,687,734,339,150,592,539,263,288,457,424,296,665,699,625,414,381,425,305,98,68,308,87,82,70,153,496,246,446,649,472,302,261,401,330,161,75,454,253,192,120,418,435,251,486,632,652,555,387,571,476,181,99,483,557,483,505,776,810,446,724,902
USA,893,612,577,764,805,368,161,675,601,301,326,505,470,343,724,774,700,455,435,482,347,114,76,341,93,96,76,170,560,287,495,736,534,334,294,439,374,188,85,520,281,224,132,453,468,269,549,699,719,608,427,626,546,209,113,542,626,546,556,857,881,511,817,1008
USA,892,610,576,766,800,369,164,674,599,301,324,505,475,339,724,773,700,453,432,481,348,113,77,337,96,97,76,172,561,288,493,734,535,335,294,437,373,188,86,520,279,224,133,453,466,272,550,700,717,608,427,627,545,206,114,545,627,545,556,858,877,511,819,1011
USA,888,612,576,761,797,369,162,672,600,298,322,503,470,335,723,768,699,451,429,479,349,112,77,337,94.5,93,75,170,555,288,488,735,535,331,294,437,371,187,83,513,277,222,132,452,465,270,551,697,715,606,424,619,541,208,110.5,544,625.5,541,554,857,874,510.5,815.5,1005.5
USA,893,613,576,766,801,370,164,674,600,301,324,505,475,339,724,774,702,453,433,481,350,114,77,337,96,97,76,172,561,288,493,734,535,335,294,438,373,188,86,520,279,224,133,453,467,272,550,699,718,608,427,627,545,207,114,545,627,545,556,858,877,511,819,1011
USA,893,613,576,766,801,370,164,674,600,301,324,505,475,339,724,774,702,453,433,481,350,114,77,337,96,97,76,172,561,288,493,735,535,335,294,438,373,188,86,520,279,224,133,453,467,272,550,699,718,608,427,627,545,207,114,545,627,545,556,858,877,512,819,1011
USA,858,594,557,742,786,358,158,658,581,293,313,489,458,326,716,752,689,446,417,470,340,113,75,328,92,92,73,165,543,281,476,721,511,328,285,426,364,181,82,509,268,219,131,445,455,262,537,683,693,592,417,614,532,204,107,526,609,532,546,838,860,500,796,986
USA,832,574,541,718,759,348,151,638,568,282,302,469,447,315,694,736,668,429,400,458,329,111,69,322,87,89,72,158,522,272,463,703,497,317,276,416,352,175,82,490,262,215,130,433,440,250,519,661,668,576,404,600,515,197,104,510,589,513,536,810,839,489,772,951
USA,893,612,577,766,804,370,162,675,600,301,326,506,472,338,725,773,701,451,433,484,349,115,78,340,95,96,75,171,559,288,493,737,536,337,295,436,372,188,84,522,282,223,133,453,468,272,551,698,718,611,428,622,544,210,113,540,627,546,557,859,879,509,820,1011
USA,893,612,577,764,805,370,162,675,601,301,326,504,471,342,724,774,702,457,434,483,348,113,76,339,93,97,75,170,561,287,493,738,533,336,294,438,375,187,85,521,280,224,134,453,467,270,551,699,718,607,427,626,548,207,112,544,627,546,556,860,878,512,821,1008
USA,889,611,576,753,805,367,163,671,598,301,322,502,465,340,720,764,700,455,432,483,349,113,76,335,95,96,74,171,553,284,488,734,532,337,293,436,373,185,85,518,282,221,133,448,462,266,550,694,708,603,422,617,543,208,112,535,623,543,555,851,870,508,814,995
USA,893,612.5,577,765.5,804,370,162,674.5,600,302,326,505,474,341,725,774.5,702,453,434,485,349,112,76,339,95,96,75,170,558,286,493,736.5,534,334,294,441,374,187,85,519,282,221,133,454,468,271,551,698,719,611,428,623,547,208,113,541,626,546,556,859,881,511,818,1013.5
USA,893,612,577,765,804,371,162,672,601,300,326,505,472,340,725,777,702,453,434,484.5,350.5,114.5,77,338.5,95,97,74,171,558.5,286,492,738,534,336,295,438,373,188,85,519,282,223,133,453,467,271,551,698,718,608,426,625.5,546,208,113,545,625,545,558,858,880,515,818,1008
USA,892,614,579,761,804,371,162,674,600,300,323,509,471,340,724,772,701,455,433,481,349,113,78,338,94,97,74,171,560,286,493,737,534,336,295,438,372,188,84,520,282,222,135,453,468,273,553,698,719,606,425,627,545,207,112,544,627,545,559,859,878,509,820,1010
USA,887,611,576,759,797,368,162,672,600,297,322,502,467,336,724,770,698,452,427,479,350,111,77,336,94,94,76,170,556,287,489,734,534,332,294,438,368,188,84,514,280,222,132,450,466,270,547,696,714,604,424,621,541,207,111,544,624,541,554,857,874,510,816,1004
USA,881,600,573,757,786,361,157,666,595,291,318,499,465,334,719,763,691,444,422,476,341,113,77,330,94,93,75,167,548,286,483,727,530,330,290,435,365,181,84,509,274,220,133,445,454,270,541,694,709,596,418,613,540,207,111,539,622,535,546,848,869,507,808,998
USA,887,609,576,759,794,366,161,671,599,299,321,502,467,335,724,768,697,450,427,477,346,111,77,334,95,94,76,171,556,289,486,730,533,331,294,437,370,186,85,514,277,222,132,450,466,270,549,695,714,601,424,621,541,206,113,542,624,540,552,857,871,508,814,1007
USA,894,612,577,766,804,370,161,673,600,299,327,504,470,342,725,777,701,453,433,484,350,115,77,337,95,96,75,169,560,286,493,738,535,336,294,439,371,188,85,520,283,223,133,453,468,270,550,697,719,607,426,625,546,207,112,546,626,546,557,859,879,513,820,1010
USA,893,614,579,762,804,371,163,675,600,301,325,506,473,340,724,772,701,455,434,481,350,114,77,339,94,97,75,171,560,286,494,738,535,335,295,438,372,188,85,521,282,223,134,453,468,272,549,698,719,609,424,628,545,208,112,543,627,545,558,857,879,510,820,1013
USA,858,594,559,743,786,359,156,661,586,288,309,492,457,327,716,755,687,448,418,472,341,114,72,328,92,90,72,164,541,283,477,720,515,325,284,429,360,181,83,507,269,220,129,441,457,261,540,678,694,595,414,611,537,202,107,525,606,533,549,839,859,500,794,976
USA,894,615,578,762,804,370,163,674,600,300,325,506,470,341,724,772,700,455,433,482,348,115,78,337,94,96,75,172,560,283,494,738,534,335,295,439,371,188,85,521,282,224,135,451,468,273,549,698,720,606,425,624,547,206,111,543,627,545,557,859,877,510,821,1012
USA,892,612,578,763,803,369,163,678,599,300,328,504,471,338,722,772,700,455,434,482,349,113,76,338,94,97,76,170,557,285,492,742,535,337,295,436,372,188,85,520,284,223,133,453,466,270,550,697,718,609,424,622,547,206,113,540,626,545,556,856,879,513,819,1011
USA,863,595,558,750,787,361,154,664,583,289,314,491,459,330,718,767,687,450,416,475,340,112,74,329,89,90,75,164,549,283,480,725,512,326,285,431,363,181,81,511,269,223,134,447,458,268,541,684,703,595,418,618,538,202,109,533,613,534,550,849,868,501,807,992
USA,851,591,552,747,779,358,154,658,579,288,311,486,458,325,713,765,683,444,414,470,340,110,70,328,88,88,72,163,547,281,472,720,508,324,281,428,361,180,80,505,268,219,130,442,456,261,535,675,699,590,417,616,531,200,107,529,606,531,546,836,861,500,799,982
USA,886,607,576,758,794,366,161,668,599,298,320,502,469,337,722,767,696,451,426,475,345,114,77,337,93,93,77,170,556,285,487,730,531,328,293,438,368,187,85,512,275,222,132,450,464,269,546,696,714,603,424,624,541,206,110,541,623,539,550,853,876,507,810,1000
USA,842,582,550,727,770,352,150,648,573,285,307,479,450,320,709,741,674,437,405,463,333,112,70,325,87,87,72,159,533,275,469,712,502,321,279,423,350,178,81,501,265,217,130,436,448,255,526,669,683,580,410,607,525,199,104,515,600,521,539,824,849,493,780,964
USA,814,536,498,674,704,325,138,598,526,269,282,430,410,302,646,693,618,399,377,434,312,106,68,297,77,83,68,151,484,253,436,664,461,291,258,387,323,163,80,463,248,201,121,398,416,232,485,613,630,539,374,556,489,189,93,479,546,475,497,767,789,463,718,881
USA,886,604,577,755,797,365,162,667,599,300,319,501,469,340,724,763,694,450,428,482,345,113,76,335,94,96,74,171,552,286,488,729,535,334,293,439,370,186,85,517,281,220,131,446,463,266,548,694,707,602,421,620,542,206,112,536,627,542,554,853,866,504,816,993
USA,873,599,572,753,788,361,154,663,595,295,317,497,464.5,332,723,768,689,447,420,478,343,114,76,331,90,91,74,167,552,284,479,728,525,327,289,436,365,185,83,512,272,219,131,448,456,268,543,690,709,593,423,620.5,538,205,109,537,620,540,548,845,873,505,808,1004
USA,843,583,554,716,767,345,149,640.5,577.5,285,301,474.5,444.5,315,699,731,675,427.5,403,456,335.5,108,68.5,318,87,87.5,72,155,522,276,461,698,510.5,318,282,424,346,178,81,488.5,263,207,126,424.5,440.5,251,519.5,657,667.5,573,399,593.5,513,198,103,510,607,514,521.5,814,827,482,777,931
USA,893,613,577,764,803,371,164,675,599,301,327,503,472,340,721,773,702,455,434,483,350,116,78,339,96,97,76,171,559,286,494,736,533,336,294,437,373,188,85,519,280,225,134,454,467,271,550,697,719,609,425,622,548,208,113,542,625,542,556,857,877,514,815,1008
USA,889,611,577,759,796,368,160,673,598,297,322,500,466,334,724,767,698,451,426,477,347,117,77,337,95,93,75,168,554,286,488,733,534,328,294,437,368,187,84,511,276,222,132,452,465,270,544,697,715,607,420,618,541,206,110,540,624,538,553,856,875,507,815,1003
USA,888,608,576,762,794,366,160,673,599,298,322,499,470,333,723,769,698,450,425,475,346,113,77,337,94,93,75,168,554,284,489,733,533,329,294,436,368,187,84,512,276,222,132,452,464,269,545,697,715,606,422,622,540,207,109,538,623,538,553,856,878,508,813,1007
USA,888,611,576,759,795,368,160,673,598,297,323,501,467,333,724,766,696,450,426,477,347,114,77,337,94,93,75,168,555,286,489,732,532,329,295,436,367,187,84,512,277,221,132,453,466,269,545,697,717,606,422,618,540,206,109,540,623,539,553,855,876,507,812,1007
USA,893,613,578,763,804,369,163,676,600,301,327,504,471,341,722,771,702,454,435,482,349,114,77,338,95,97,75,171,560,286,494,736,534,335,294,437,374,187,85,520,280,224,134,455,466,271,551,699,718,610,425,623,546,208,113,542,625,544,557,857,880,510,816,1014
Indonesia,890,608,577,760,801,371,164,673,599,298,325,505,470,336,719,770,698,456,435,480,349,109,76,337,94,98,76,170,554,287,490,735,534,337,292,436,373,186,86,517,280,223,132,451,465,268,549,698,714,608,422,619,546,205,112,539,626,543,553,854,874,511,818,1002
Germany,882,607,575,759,795,367,161,673,594,295,324,504,467,330,711,770,695,451,427,475,344,113,77,337,92,95,75,170,553,279,490,729,534,335,292,426,368,187,84,511,281,222,133,449,462,268,547,698,712,602,423,618,541,205,110,530,620,538,553,852,873,509,815,1005
India,868,596,572,742,790,362,161,650,592,291,319,499,458,328,713,745,684,443,422,474,345,113,71,332,94,96,68,163,541,279,478,709,527,327,297,426,362,184,81,500,274,212,129,442,457,262,540,684,700,596,410,602,526,202,108,525,617,528,541,839,852,492,794,968
India,883,596,574,751,793,356,162,660,591,297,318,493,461,331,706,761,686,446,425,474,339,112,73,333,94,95,73,171,548,282,484,716,528,332,290,426,365,187,85,511,276,219,132,437,455,266,536,681,707,596,410,608,534,202,113,526,615,537,541,837,858,496,804,972
India,868,601,573,750,796,361,161,662,591,299,322,495,462,333,711,761,690,446,426,478,337,112,77,336,96,97,75,169,549,283,486,721,527,332,292,430,368,188,85,513,274,221,132,448,459,266,544,692,707,600,416,609,539,201,114,528,620,538,546,849,862,500,812,981
India,811,548,527,696,734,330,144,605,547,268,300,447,420,299,646,710,629,414,388,431,316,106,64,309,87,86,65,145,496,258,446,663,495,300,277,394,334,172,76,465,262,204,123,417,410,234,508,624,648,550,370,554,478,187,99,484,570,489,518,767,796,457,744,906
India,892,609,578,764,803,367,163,675,600,300,325,505,468,340,719,774,699,454,430,484,348,115,77,337,94,97,75,171,560,286,492,737,535,336,294,435,370,187,84,520,281,221,134,454,466,271,552,698,717,608,428,618,546,208,113,543,625,543,556,857,877,514,818,1011
India,890,609,578,763,802,369,163,673,601,301,325,505,470,338,723,774,697,453,433,482,348,115,76,339,95,96,75,172,561,287,493,737,535,337,295,437,371,188,85,522,281,223,134,453,465,271,551,699,718,608,426,624,544,206,114,543,627,546,557,856,880,511,819,1009
India,883,603,575,758,795,364,162,670,600,298,324,498,467,339,713,774,695,451,428,481,346,113,75,336,93,96,71,167,553,286,489,729,533,334,294,434,370,188,81,511,280,220,133,448,457,267,548,691,708,603,423,620,544,205,109,540,622,537,553,850,877,506,812,1004
India,883,606,575,758,794,364,161,672,597,300,324,498,465,337,714,768,696,449,428,477,343,114,77,338,94,97,75,170,556,283,487,733,534,333,293,433,371,189,85,513,280,222,134,452,457,266,548,696,708,603,423,616,542,205,113,536,622,539,555,847,872,511,814,1002
India,883,608,575,759,796,367,162,672,597,300,325,497,467,339,716,768,698,449,430,478,345,115,76,339,94,97,76,169,557,285,489,733,534,334,292,434,371,188,85,516,278,223,134,452,459,265,546,697,710,605,422,620,543,205,113,537,625,540,552,849,874,509,815,1002
India,892,611,578,764,802,372,165,675,600,300,325,509,473,338,723,772,700,454,434,482,350,115,76,339,96,98,76,170,558,285,492,741,535,337,295,436,373,188,86,520,281,222,134,453,467,270,551,701,718,611,427,624,545,205,113,542,626,547,555,857,882,512,819,1010
India,888,607,579,761,796,366,163,674,600,301,323,502,470,336,716,774,697,451,430,479,346,115,77,337,94,97,75,172,559,284,492,733,535,335,293,434,372,188,85,518,279,223,134,451,460,271,552,697,715,605,424,622,543,206,113,539,624,543,555,855,877,510,817,1011
India,883,605,574,761,794,366,160,673,596,300,325,497,467,337,715,767,698,450,428,478,345,115,77,338,93,98,75,167,558,283,487,732,532,335,293,430,373,188,84,513,280,222,135,452,457,266,547,695,710,603,423,617,542,205,112,536,621,539,554,849,871,509,814,1000
India,892,611,579,765,804,368,162,675,602,301,324,505,471,343,725,775,701,453,431,487,351,115,77,337,94,97,75,171,561,286,493,737,536,336,294,438,373,188,85,521,281,223,133,452,464,270,552,699,718,608,428,624,544,209,113,545,627,546,557,857,882,512,817,1013
India,892,612,578,763,805,369,163,675,599,301,325,505,471,339,723,777,702,456,431,485,350,117,77,338,95,97,75,171,559,287,492,736,535,335,295,436,372,189,85,520,281,223,134,453,466,270,553,697,716,608,426,626,547,207,113,541,626,545,557,857,880,512,818,1010
India,889,608,577,763,801,366,163,670,597,299,324,501,467,337,721,772,696,451,430,482,346,114,77,336,95,97,75,171,555,287,491,726,535,334,294,435,370,188,85,517,280,221,132,449,464,270,549,693,717,606,420,617,542,206,113,536,626,543,551,855,874,503,814,991
India,887,609,577,760,801,366,163,668,597,299,324,499,467,335,720,769,696,451,430,481,346,113,77,336,95,97,75,171,553,287,490,725,535,334,294,434,369,188,85,515,279,220,132,449,461,270,547,694,715,604,418,616,541,205,113,536,626,541,549,853,872,503,813,989
India,892,611,577,765,803,368,163,673,601,299,325,502,470,337,722,778,697,453,431,484,347,113,77,338,95,97,75,171,557,287,492,734,536,335,295,437,372,188,85,518,281,223,133,451,465,270,549,696,719,608,425,621,543,206,113,541,626,544,555,856,881,509,818,1008
India,892,612,577,765,803,370,163,673,601,299,325,505,471,339,724,777,699,453,431,486,350,115,77,339,95,97,75,171,559,287,493,735,536,335,295,437,372,188,85,519,281,223,133,453,466,271,553,699,719,609,427,623,544,207,113,543,627,545,557,860,882,510,819,1009
India,883,606,574,761,793,365,161,671,597,298,325,497,466,337,714,770,694,448,426,478,343,115,77,338,94,97,75,169,555,283,488,732,535,333,293,431,370,188,85,513,280,223,134,451,458,266,547,696,711,603,424,617,540,205,112,537,621,538,554,850,876,508,814,1001
India,891,609,577,764,799,367,162,672,598,298,324,504,470,337,717,775,696,451,429,483,347,115,77,338,94,97,76,170,556,285,489,734,536,334,294,433,371,188,85,514,281,223,133,451,460,270,551,698,718,605,424,620,542,207,113,540,624,540,555,854,881,510,816,1010
India,892,611,578,764,803,370,163,674,601,303,326,505,473,341,724,775,700,453,434,485,350,115,76,338,95,96,74,171,560,287,494,737,535,336,296,439,373,187,85,523,282,222,134,453,463,269,554,699,718,609,428,625,546,207,112,543,628,547,557,856,884,511,816,1014
India,892,611,578,765,803,370,162,672,601,302,326,504,471,341,725,776,701,452,433,486,350,115,77,339,95,96,75,172,559,287,493,738,535,335,294,439,373,188,86,522,280,224,134,453,466,271,553,698,718,608,428,623,546,208,113,544,627,547,557,859,881,512,819,1009
India,892,610,579,764,803,367,163,673,602,302,324,505,472,339,724,777,698,454,433,485,348,115,77,337,95,97,75,171,560,287,493,735,536,336,294,438,373,188,85,522,280,223,134,453,466,271,553,698,719,606,427,625,546,207,113,542,627,546,557,859,879,511,819,1013
India,892,610,577,766,803,368,163,673,601,300,325,505,472,340,724,778,697,453,431,486,348,115,77,338,95,97,75,171,559,287,493,735,536,335,295,438,372,188,85,519,281,223,133,453,466,271,553,699,720,608,428,624,544,207,113,544,627,545,557,860,883,510,819,1011
India,891,611,578,764,806,370,162,674,601,301,325,507,472,339,724,775,701,454,431,485,349,115,78,338,96,96,76,171,559,287,493,738,535,335,295,438,372,188,85,521,280,223,134,453,467,273,553,698,717,611,430,623,544,207,114,544,626,546,556,860,883,510,818,1011
India,893,613,578,764,805,369,163,674,600,302,326,505,473,341,725,775,701,454,433,485,349,115,76,339,95,97,74,170,561,287,493,739,535,336,295,438,372,188,84,523,282,222,133,451,465,271,550,698,719,607,427,627,547,207,113,544,627,546,556,858,881,512,819,1010
India,890,612,579,763,801,370,163,676,600,301,325,505,474,340,724,772,700,453,432,484,349,115,77,339,95,97,75,172,560,290,493,736,535,337,293,438,373,188,85,521,282,223,135,453,466,271,553,699,719,607,428,625,546,207,114,543,626,546,558,859,879,509,819,1009
India,891,614,579,763,802,370,163,676,600,301,325,505,473,340,724,772,701,453,432,484,349,115,77,339,95,97,75,172,560,290,492,737,535,337,293,437,373,188,85,521,282,223,135,453,466,271,553,699,719,607,427,626,546,207,114,543,625,546,558,859,880,509,819,1009
India,889,609,577,754,803,362,163,669,596,299,322,501,467,337,720,769,695,452,430,482,344,114,74,336,95,97,72,170,557,286,492,730,531,336,291,435,369,187,84,522,280,221,134,443,458,270,548,691,713,600,420,622,543,205,113,538,622,545,550,853,873,506,811,996
India,893,610,577,763,804,368,163,673,600,300,325,506,472,341,723,776,699,453,432,486,347,115,77,337,95,97,75,171,561,286,491,736,533,336,295,439,371,188,85,520,281,223,134,454,465,270,555,700,718,608,427,624,548,205,113,544,627,545,558,859,879,513,820,1012
India,890,612,579,763,805,368,164,674,602,301,325,505,470,339,724,775,700,455,433,484,349,115,77,338,96,97,75,171,561,287,492,736,535,336,295,439,373,188,85,521,281,223,134,453,466,271,552,698,719,608,427,622,545,207,113,543,626,546,557,858,879,511,819,1011
India,891,615,579,763,806,370,164,674,602,301,325,505,470,339,724,775,702,455,433,484,350,115,77,338,96,97,75,171,561,287,492,736,535,336,295,439,373,188,85,521,281,223,134,453,466,271,552,698,719,608,427,622,545,207,113,543,626,546,557,858,879,511,819,1011
India,890,611,579,762,805,368,164,674,602,301,325,504,469,338,723,774,699,455,433,483,347,113,76,339,96,97,74,171,560,287,493,736,535,336,295,438,373,188,85,520,281,223,134,452,466,271,550,698,718,608,426,621,545,206,113,543,625,545,557,858,878,511,819,1009
India,890,611,579,762,805,368,164,674,602,301,325,505,469,339,724,774,699,455,433,484,348,115,76,339,96,97,74,171,561,287,493,736,535,336,295,438,373,188,85,521,281,223,134,452,466,271,552,698,718,608,426,622,545,207,113,543,625,546,557,859,878,511,819,1009
India,892,611,578,764,805,368,164,674,601,302,325,505,470,339,724,775,699,455,433,484,348,115,77,338,96,97,75,171,561,287,492,736,535,336,295,438,373,188,85,521,281,223,134,453,466,271,552,698,719,608,427,622,545,207,113,543,626,546,557,858,879,511,819,1011
India,886,608,580,762,803,367,163,675,601,302,323,505,472,340,724,775,698,454,431,486,348,115,76,337,94,97,74,170,560,288,496,737,535,336,295,438,372,187,85,522,282,223,134,453,465,272,553,698,717,609,426,625,546,207,111,547,627,544,561,860,880,511,819,1010
Germany,879,598,570,751,788,362,162,662,589,294,321,494,461,333,718,753,690,449,423,470,341,113,78,337,93,96,72,172,550,280,488,721,526,331,286,430,366,188,84,512,277,221,132,448,458,267,545,695,703,596,419,614,537,206,109,528,614,539,553,851,862,500,806,989
Germany,867,583,563,730,773,360,156,642,573,286,310,480,449,325,687,742,674,438,411,464,339,108,71,328,86,92,71,165,535,272,475,703,513,323,276,420,351,179,81,502,270,212,128,438,438,257,523,666,688,587,399,589,524,199,106,514,603,523,539,801,841,489,781,957
Germany,865,587,567,741,781,356,159,652,587,292,318,489,452,329,712,749,685,439,420,469,334,112,77,334,89,96,74,170,545,279,477,715,521,329,282,426,363,186,84,510,274,218,130,444,458,265,542,681,689,593,417,606,535,203,109,520,608,537,544,843,851,494,800,974
Germany,859,584,557,736,778,357,157,654,578,291,318,488,454,326,698,744,673,443,421,470,336,108,75,332,88,93,71,169,546,283,478,709,513,326,289,419,359,185,80,507,274,217,132,440,446,258,534,672,691,593,408,597,534,201,109,523,607,530,542,813,843,500,781,977
Germany,860,582,557,730,767,356,155,647,570,291,308,484,451,321,694,738,663,436,417,464,334,110,73,328,88,94,72,166,539,271,479,702,514,324,277,417,355,180,85,501,268,213,128,436,441,264,524,674,692,583,402,593,524,199,107,516,606,523,537,817,839,490,785,946
USA,800,544,517,687,734,339,150,592,539,263,288,457,424,296,665,699,625,414,381,425,305,98,68,308,87,82,70,153,496,246,446,649,472,302,261,401,330,161,75,454,253,192,120,418,435,251,486,632,652,555,387,571,476,181,99,483,557,483,505,776,810,446,724,902
Denmark,866.5,593,560,744,785,358,154,649,580,289.5,316,490.5,456,331,709,749,679,433,412,472,338,109.5,75,328.5,90,97,70,160,544,272,476,711,521,324,289,422,356,182.5,80,498,280,210,128,446,453,258.5,539,685,697,596,414,607,517,202,108,527.5,606,520,550,839,861,493,791,973
Denmark,871,590,565,753,782,357.5,160,656.5,588.5,291,315,491,460,329,710,762,684,446,417,471.5,339.5,110,72,331,91,94,70,163,539.5,283,482,718,523.5,329,289,424,362,182,79,508,277,217,129,433,449,262,533,681,700.5,591,413.5,612.5,535,204,107,527,609,529,542,838,869,499,793,980
Denmark,891,611,576,765,803,368,164,675,600,299,325,504,471,339,724,772,699,454,431,483,347,113,77,338,94,97,76,171,560,286,492,737,534,336,295,434,372,188,85,521,280,223,133,452,466,270,551,698,719,609,425,624,545,207,112,541,625,547,554,858,880,510,817,1005
Denmark,894,612,577,762,803,370,163,674,600,300,325,506,471,337,724,774,697,453,433,483,346,113,77,339,94,97,75,171,561,286,493,734,535,335,295,437,372,188,85,520,282,223,133,452,467,269,551,701,719,610,426,623,545,205,112,541,626,545,557,859,879,511,819,1010
Denmark,868,596,568,748,789,360,155,658,591.5,294,317.5,494,459,334,707.5,762,684,441,420,473,339,107,71,329,89,95,70.5,159,548,278,479,710,525,332,291,427.5,360,180,79.5,501,279,209.5,130,445,454,258,541,684,703,593,417,614,530,200,108,527,616,522,545.5,839,866,495,795,979
Denmark,894,612,576,767,805,369.5,162,676.5,599,301,326,506,474,341,725,772,702,454,435,482.5,348.5,113,77,339,95,96,75,171,560.5,288,493,738,532,337,295,438,373,188,85,520,282,223,132,454,467,271,551,699,721,610,426,624.5,547,208,113,544,626,546,558,857,879,512,818,1009
Denmark,875,600,567,758,790,362,163,666,592,294,319,501,464,337,718,770,684,448,426,480,340,111,76,331,93,97,74,171,555,279,488,729,527,333,289,432,366,186,84,515,279,220,133,445,463,271,540,694,714,600,423,619,542,200,112,539,617,540,551,851,874,506,813,1006
Denmark,892,612,578,765,805,372,163,670,601,300,325,506,471,340,723,778,701,454,434,484.5,350,114,77,340,95,97,74,171,560,288,492,732,535,336,295,439,373,188,85,519,283,223,133,452,467,271,551,700,719,608,425,623.5,545,208,112,543,626,545,559,860,877,509,824,1013
Denmark,892,609,578,764,804,366,160,675,601,299.5,325,505.5,472,339,726,774,699,454,432,485,347,114,77,335,93,96,76,169,556.5,285,495,735,535,335,295,437,373,189,85,519.5,282,223,133,453,464,271,550,699.5,717,607,425,625,546,205,112,542,626,548,557,857,881.5,510,817,1009
Denmark,892,610,577,763,800,368,164,673.5,599.5,301,326,503,474.5,340,724,773.5,695,453.5,432,484.5,347,116,76,338,95,97,75,170,560.5,287,493,735,535,335,294.5,438,372,188,85,521,282,222,133,453,464,271,552,696,720,607,425,626.5,546,206,112,543,626,546,556,857,879.5,509,816,1010
Denmark,892,606,577,766,802,366,163.5,672,601,301,322.5,504,473,339,724.5,776,698,452,432,484,347,112,77,339,94.5,97,74,171,559,287,492,734,535,335,294.5,437,372,188,84,521,281.5,221,133.5,451,466,270,551,699,716,610.5,424,625.5,545,210,112,540,624.5,546,557,860,878,511,820,1006
Denmark,893,610,577,764,805,369,162,671,601,301,325,505,470,339,722,778,700,453,433,484,347,113,77,337,93,97,75,171,560,284,493,734,534,335,295,437,372,187,85,521,282,223,134,452,465,272,551,698,717,609,426,624,546,206,112,542,625,544,557,858,881,511,818,1005
Denmark,891,611,578,761,804,368,163,673,602,302,324,505,470,340,724,774,699,453,434,485,347,113,77,338,95,97,75,172,560,287,492,736,534,336,296,439,373,188,86,520,282,222,133,452,464,272,550,699,717,608,425,623,547,207,113,543,626,546,557,856,879,511,819,1009
Denmark,892,607,578,764,803,368,163,671,600,299,326,508,470,341,725,773,699,454,434,483,348,113,77,337,93,98,75,171,558,285,491,736,534,337,294,437,372,188,85,521,281,224,135,452,467,271,551,698,716,607,426,625,547,207,112,541,628,545,556,856,879,510,818,1007
Denmark,892,607.5,577.5,766,803,368.5,164,671,600.5,300,324,506,472,340,723.5,775.5,699,455,432,483.5,346.5,113,77,338,94,97,76,171,560,286,493,732.5,532,336,294,437,373,187,85,521,281.5,223,132.5,452.5,464,271,550.5,700,720,608,426,624.5,547,207,112,541.5,623,546,557,856,882.5,510.5,815,1006.5
France,668,469,423,553,592,285,122,483,446,223,239,360,333,258,534,563,549,327,339,355,279,90,56,249,59,74,61,125,390,210,366,545,394,250,207,337,290,140,57,389,216,171,103,331,331,195,395,511,502,436,299,443,409,159,84,390,468,408,418,616,626,379,615,767
France,873,602,564,747,790,362,163,657,590,292,316,488,462,330,707,761,687,445,420,471,341,110,77,330,94,97,74,172,545,282,483,715,525,329,284,430,362,184,86,505,276,219,132,445,455,261,534,695,701,596,418,612,530,202,111,533,609,529,550,840,865,502,804,1002
France,873,601,561,746,787,358,161,659,591,290,317,485,464,330,704,758,679,441,422,470,340,108,77,326,93,96,71,171,547,282,481,712,525,326,284,429,359,183,84,503,275,217,130,445,456,260,530,687,704,597,416,611,526,202,109,534,606,526,549,832,861,498,798,990
France,875,601,567,750,788,359,161,661,595,292,318,491,461,335,712,762,690,443,424,474,340,110,77,333,94,95,72,170,546,287,486,721,529,331,288,433,365,184,81,510,276,220,132,442,454,267,535,689,699,594,417,613,538,207,112,536,617,533,548,842,862,503,807,992
France,883,602,571,755,794,364,164,662,593,296,323,496,464,337,717,764,693,445,428,477,344,112,77,334,95,97,74,171,553,283,489,724,527,335,291,434,369,186,84,513,280,221,133,449,458,268,543,694,708,602,418,616,536,205,112,540,620,538,553,847,869,504,809,995
France,823,571,532,706,742,354,154,626,570,276,304,467,434,319,683,719,659,421,411,451,336,109,72,320,88,90,69,163,504,277,464,688,503,325,278,417,350,172,76,479,270,210,128,420,433,254,505,655,647,559,396,581,514,202,108,508,596,501,527,797,812,481,769,933
France,876,598,566,751,787,360,160,660,595,291,318,494,461,332,710,761,689,443,425,473,340,110,77,333,93,96,72,169,545,286,485,721,529,332,288,429,366,184,84,510,276,221,132,442,455,266,537,688,697,594,419,611,537,206,109,534,615,536,549,841,860,501,809,990
France,867,592,558,745,779,357,157,646,586,289,313,488,455,330,706,756,675,439,421,470,339,107,75,326,93,95,71,166,541,275,481,707,524,326,284,428,359,181,84,503,275,217,128,434,452,264,525,677,696,582,413,604,528,202,109,529,609,526,542,830,847,498,795,980
France,870,587,555,742,770,351,159,644,582,288,309,489,454,330,695,752,680,434,414,461,330,105,76,325,93,95,72,167,532,282,476,699,520,325,282,425,359,184,83,500,274,216,127,429,453,256,521,670,684,578,417,603,530,196,109,520,604,527,538,815,843,486,792,976
France,846,577,544,717,759,352,156,627,575,283,306,475,437,325,691,723,663,429,413,453,339,107,71,319,90,89,71,165,516,273,469,696,508,322,282,420,349,175,80,491,271,212,128,423,443,256,509,658,667,566,400,586,511,202,108,517,597,511,529,803,823,483,771,940
France,872,592,561,740,774,361,157,649,588,288,314,487,456,327,694,755,684,436,417,467,341,110,75,329,92,94,72,166,535,280,477,716,519,326,284,425,362,181,82,500,272,218,131,433,448,264,520,676,690,587,415,600,527,203,110,530,603,525,537,822,853,498,796,984
France,885,603,573,757,794,365,162,668,600,297,323,499,466,333,716,767,697,447,430,478,347,112,76,335,93,96,76,169,550,285,489,730,530,337,292,434,370,187,85,516,280,221,132,448,458,266,540,698,706,602,424,613,541,206,111,534,621,544,550,846,871,508,816,1000
France,875,597,561,752,784,360,159,658,591,288,318,488,460,330,702,761,688,445,423,468,339,110,77,332,93,95,72,168,541,287,483,718,527,328,285,426,365,183,82,505,273,222,131,435,451,265,527,682,695,591,416,607,536,205,110,534,610,530,540,834,857,502,802,992
France,874,593,564,754,785,359,157,658,592,293,317,491,467,333,712,765,687,440,423,475,339,110,78,332,94,97,71,166,545,286,487,714,527,331,288,432,366,184,82,509,277,219,131,443,454,264,533,689,697,595,418,616,535,206,111,533,616,532,551,840,860,501,807,992
France,879,598,565,754,788,361,157,659,594,292,318,495,464,336,710,762,688,441,426,475,341,112,78,330,92,97,73,169,550,280,487,717,524,333,289,430,366,184,85,510,276,219,133,443,452,266,538,693,705,593,419,613,535,204,111,535,615,537,547,842,864,502,806,995
Germany,889,610,579,759,806,368,161,673,601,300,325,504,471,338,722,772,700,454,433,485,347,112,77,337,93,97,75,170,558,287,493,735,534,336,294,437,373,187,85,520,282,223,133,452,463,271,550,698,714,608,424,622,546,206,112,543,626,545,557,856,876,510,819,1004
Germany,882,607,575,759,795,367,161,673,594,295,324,504,467,330,711,770,695,451,427,475,344,113,77,337,92,95,75,170,553,279,490,729,534,335,292,426,368,187,84,511,281,222,133,449,462,268,547,698,712,602,423,618,541,205,110,530,620,538,553,852,873,509,815,1005
Germany,879,598,570,751,788,362,162,662,589,294,321,494,461,333,718,753,690,449,423,470,341,113,78,337,93,96,72,172,550,280,488,721,526,331,286,430,366,188,84,512,277,221,132,448,458,267,545,695,703,596,419,614,537,206,109,528,614,539,553,851,862,500,806,989
Germany,867,583,563,730,773,360,156,642,573,286,310,480,449,325,687,742,674,438,411,464,339,108,71,328,86,92,71,165,535,272,475,703,513,323,276,420,351,179,81,502,270,212,128,438,438,257,523,666,688,587,399,589,524,199,106,514,603,523,539,801,841,489,781,957
Germany,865,587,567,741,781,356,159,652,587,292,318,489,452,329,712,749,685,439,420,469,334,112,77,334,89,96,74,170,545,279,477,715,521,329,282,426,363,186,84,510,274,218,130,444,458,265,542,681,689,593,417,606,535,203,109,520,608,537,544,843,851,494,800,974
Germany,859,584,557,736,778,357,157,654,578,291,318,488,454,326,698,744,673,443,421,470,336,108,75,332,88,93,71,169,546,283,478,709,513,326,289,419,359,185,80,507,274,217,132,440,446,258,534,672,691,593,408,597,534,201,109,523,607,530,542,813,843,500,781,977
Germany,860,582,557,730,767,356,155,647,570,291,308,484,451,321,694,738,663,436,417,464,334,110,73,328,88,94,72,166,539,271,479,702,514,324,277,417,355,180,85,501,268,213,128,436,441,264,524,674,692,583,402,593,524,199,107,516,606,523,537,817,839,490,785,946
Italy,883,604,574,760,792,364,161,670,597,298,324,495,466,336,713,769,694,446,427,475,341,113,76,339,93,97,75,169,556,280,488,729,534,334,293,429,367,188,86,513,281,220,132,448,457,264,542,694,710,603,419,620,542,205,111,531,619,539,550,845,873,509,810,1000
Italy,891,609,578,763,804,368,163,674,601,300,323,505,470,339,725,775,699,455,433,483,346,113,77,337,93,97,75,171,560,285,492,737,535,337,293,439,373,188,85,519,283,222,133,449,465,272,549,695,716,608,424,624,547,205,111,544,627,546,556,856,877,511,819,1008
Italy,893,610,578,764,804,366,163,675,600,300,325,505,470,339,724,775,699,454,432,483,347,111,78,337,94,98,75,171,559,287,492,734,535,335,295,437,371,189,85,519,282,222,133,453,467,270,551,699,718,609,424,624,546,208,112,541,626,544,557,858,879,511,818,1007
Italy,888,606,576,766,799,368,159,673,600,298,324,498,471,334,721,774,698,454,429,476,346,113,77,337,92,96,74,169,557,282,493,729,534,336,293,433,369,188,85,515,281,219,132,451,463,268,545,698,716,603,421,625,543,205,110,536,623,544,553,856,874,510,817,1008
Italy,889,606,576,763,797,368,161,673,597,298,324,499,469,335,715,771,697,451,428,479,345,114,77,337,93,96,75,170,556,283,491,731,533,336,293,430,371,188,85,514,281,222,132,449,460,266,545,696,715,606,420,618,542,204,111,537,621,542,553,849,874,510,814,1003
Italy,891,608,578,764,803,367,162,676,601,300,325,505,472,336,722,774,698,455,433,481,346,113,77,337,93,96,75,171,562,286,494,731,534,337,294,436,373,187,85,519,282,222,134,452,464,272,550,698,718,608,425,623,545,207,111,541,625,546,556,856,876,510,817,1006
Italy,883,606,575,758,796,365,162,672,598,297,324,497,466,336,712,766,695,452,426,475,341,113,77,336,94,97,75,169,556,282,491,730,534,335,293,429,370,187,85,514,281,220,132,448,459,267,544,693,710,602,421,618,541,203,111,537,618,542,550,849,870,507,812,996
Italy,883,604,575,760,792,364,160,673,597,297,324,499,466,337,713,765,694,448,427,476,342,112,77,338,93,97,75,169,559,283,486,727,534,333,293,429,369,188,86,511,281,222,132,446,457,266,541,694,711,604,421,616,542,206,111,533,618,538,550,844,870,506,810,998
Italy,883,604,575,759,793,364,160,673,597,297,324,499,465,337,713,765,694,449,427,476,342,112,77,338,93,97,75,169,558,283,487,727,534,334,293,429,369,188,86,511,281,222,132,446,457,266,541,694,710,603,421,616,542,206,111,533,619,538,550,844,870,506,810,998
Italy,879,602,574,755,792,364,159,669,597,294,325,496,463,335,711,763,693,446,426,474,341,114,77,337,93,98,74,166,555,281,484,726,533,334,293,428,368,187,84,507,280,221,132,447,454,263,543,692,705,602,418,615,538,205,111,533,618,533,549,843,868,508,805,984
Italy,885,605,575,756,791,366,160,671,597,296,323,498,467,335,712,763,695,446,424,474,339,112,76,339,94,97,75,169,559,281,486,729,534,333,293,428,370,186,85,511,279,221,132,447,455,267,542,693,707,604,421,619,539,203,114,534,618,538,549,843,870,507,808,991
Italy,884,604,575,759,794,366,161,670,596,299,322,497,463,336,714,765,696,449,427,475,343,113,77,338,93,97,75,170,558,281,486,729,534,333,291,429,370,188,86,513,281,222,131,446,458,266,542,693,708,605,420,615,540,205,111,533,617,539,552,846,869,506,812,999
Italy,883,604,575,759,794,366,161,670,595,299,323,496,464,336,714,764,695,448,426,476,342,113,77,339,94,96,75,170,559,281,486,729,534,333,291,428,368,188,86,513,281,221,131,448,458,267,542,694,709,606,420,615,541,205,111,533,616,539,552,847,869,506,812,999
Italy,882,601,569,752,791,360,160,664,592,295,321,495,461,336,703,757,693,447,425,469,334,110,77,334,92,96,75,170,551,281,482,721,531,331,290,422,369,188,85,507,277,221,132,442,453,261,541,685,698,596,418,614,540,198,111,530,613,537,544,833,861,501,801,978
Italy,883,604,575,759,794,366,161,669,596,299,322,496,463,336,714,765,695,448,426,475,342,113,77,340,94,96,75,170,559,281,486,729,534,333,291,429,368,188,86,513,280,221,131,447,458,267,542,693,709,605,420,615,540,206,111,533,617,539,551,847,869,506,812,999
Denmark,866.5,593,560,744,785,358,154,649,580,289.5,316,490.5,456,331,709,749,679,433,412,472,338,109.5,75,328.5,90,97,70,160,544,272,476,711,521,324,289,422,356,182.5,80,498,280,210,128,446,453,258.5,539,685,697,596,414,607,517,202,108,527.5,606,520,550,839,861,493,791,973
Denmark,871,590,565,753,782,357.5,160,656.5,588.5,291,315,491,460,329,710,762,684,446,417,471.5,339.5,110,72,331,91,94,70,163,539.5,283,482,718,523.5,329,289,424,362,182,79,508,277,217,129,433,449,262,533,681,700.5,591,413.5,612.5,535,204,107,527,609,529,542,838,869,499,793,980
Denmark,891,611,576,765,803,368,164,675,600,299,325,504,471,339,724,772,699,454,431,483,347,113,77,338,94,97,76,171,560,286,492,737,534,336,295,434,372,188,85,521,280,223,133,452,466,270,551,698,719,609,425,624,545,207,112,541,625,547,554,858,880,510,817,1005
Denmark,894,612,577,762,803,370,163,674,600,300,325,506,471,337,724,774,697,453,433,483,346,113,77,339,94,97,75,171,561,286,493,734,535,335,295,437,372,188,85,520,282,223,133,452,467,269,551,701,719,610,426,623,545,205,112,541,626,545,557,859,879,511,819,1010
Denmark,868,596,568,748,789,360,155,658,591.5,294,317.5,494,459,334,707.5,762,684,441,420,473,339,107,71,329,89,95,70.5,159,548,278,479,710,525,332,291,427.5,360,180,79.5,501,279,209.5,130,445,454,258,541,684,703,593,417,614,530,200,108,527,616,522,545.5,839,866,495,795,979
Denmark,894,612,576,767,805,369.5,162,676.5,599,301,326,506,474,341,725,772,702,454,435,482.5,348.5,113,77,339,95,96,75,171,560.5,288,493,738,532,337,295,438,373,188,85,520,282,223,132,454,467,271,551,699,721,610,426,624.5,547,208,113,544,626,546,558,857,879,512,818,1009
Denmark,875,600,567,758,790,362,163,666,592,294,319,501,464,337,718,770,684,448,426,480,340,111,76,331,93,97,74,171,555,279,488,729,527,333,289,432,366,186,84,515,279,220,133,445,463,271,540,694,714,600,423,619,542,200,112,539,617,540,551,851,874,506,813,1006
Denmark,892,612,578,765,805,372,163,670,601,300,325,506,471,340,723,778,701,454,434,484.5,350,114,77,340,95,97,74,171,560,288,492,732,535,336,295,439,373,188,85,519,283,223,133,452,467,271,551,700,719,608,425,623.5,545,208,112,543,626,545,559,860,877,509,824,1013
Denmark,892,609,578,764,804,366,160,675,601,299.5,325,505.5,472,339,726,774,699,454,432,485,347,114,77,335,93,96,76,169,556.5,285,495,735,535,335,295,437,373,189,85,519.5,282,223,133,453,464,271,550,699.5,717,607,425,625,546,205,112,542,626,548,557,857,881.5,510,817,1009
Denmark,892,610,577,763,800,368,164,673.5,599.5,301,326,503,474.5,340,724,773.5,695,453.5,432,484.5,347,116,76,338,95,97,75,170,560.5,287,493,735,535,335,294.5,438,372,188,85,521,282,222,133,453,464,271,552,696,720,607,425,626.5,546,206,112,543,626,546,556,857,879.5,509,816,1010
Denmark,892,606,577,766,802,366,163.5,672,601,301,322.5,504,473,339,724.5,776,698,452,432,484,347,112,77,339,94.5,97,74,171,559,287,492,734,535,335,294.5,437,372,188,84,521,281.5,221,133.5,451,466,270,551,699,716,610.5,424,625.5,545,210,112,540,624.5,546,557,860,878,511,820,1006
Denmark,893,610,577,764,805,369,162,671,601,301,325,505,470,339,722,778,700,453,433,484,347,113,77,337,93,97,75,171,560,284,493,734,534,335,295,437,372,187,85,521,282,223,134,452,465,272,551,698,717,609,426,624,546,206,112,542,625,544,557,858,881,511,818,1005
Denmark,891,611,578,761,804,368,163,673,602,302,324,505,470,340,724,774,699,453,434,485,347,113,77,338,95,97,75,172,560,287,492,736,534,336,296,439,373,188,86,520,282,222,133,452,464,272,550,699,717,608,425,623,547,207,113,543,626,546,557,856,879,511,819,1009
Denmark,892,607,578,764,803,368,163,671,600,299,326,508,470,341,725,773,699,454,434,483,348,113,77,337,93,98,75,171,558,285,491,736,534,337,294,437,372,188,85,521,281,224,135,452,467,271,551,698,716,607,426,625,547,207,112,541,628,545,556,856,879,510,818,1007
Denmark,892,607.5,577.5,766,803,368.5,164,671,600.5,300,324,506,472,340,723.5,775.5,699,455,432,483.5,346.5,113,77,338,94,97,76,171,560,286,493,732.5,532,336,294,437,373,187,85,521,281.5,223,132.5,452.5,464,271,550.5,700,720,608,426,624.5,547,207,112,541.5,623,546,557,856,882.5,510.5,815,1006.5
France,668,469,423,553,592,285,122,483,446,223,239,360,333,258,534,563,549,327,339,355,279,90,56,249,59,74,61,125,390,210,366,545,394,250,207,337,290,140,57,389,216,171,103,331,331,195,395,511,502,436,299,443,409,159,84,390,468,408,418,616,626,379,615,767
France,873,602,564,747,790,362,163,657,590,292,316,488,462,330,707,761,687,445,420,471,341,110,77,330,94,97,74,172,545,282,483,715,525,329,284,430,362,184,86,505,276,219,132,445,455,261,534,695,701,596,418,612,530,202,111,533,609,529,550,840,865,502,804,1002
France,873,601,561,746,787,358,161,659,591,290,317,485,464,330,704,758,679,441,422,470,340,108,77,326,93,96,71,171,547,282,481,712,525,326,284,429,359,183,84,503,275,217,130,445,456,260,530,687,704,597,416,611,526,202,109,534,606,526,549,832,861,498,798,990
France,875,601,567,750,788,359,161,661,595,292,318,491,461,335,712,762,690,443,424,474,340,110,77,333,94,95,72,170,546,287,486,721,529,331,288,433,365,184,81,510,276,220,132,442,454,267,535,689,699,594,417,613,538,207,112,536,617,533,548,842,862,503,807,992
France,883,602,571,755,794,364,164,662,593,296,323,496,464,337,717,764,693,445,428,477,344,112,77,334,95,97,74,171,553,283,489,724,527,335,291,434,369,186,84,513,280,221,133,449,458,268,543,694,708,602,418,616,536,205,112,540,620,538,553,847,869,504,809,995
France,823,571,532,706,742,354,154,626,570,276,304,467,434,319,683,719,659,421,411,451,336,109,72,320,88,90,69,163,504,277,464,688,503,325,278,417,350,172,76,479,270,210,128,420,433,254,505,655,647,559,396,581,514,202,108,508,596,501,527,797,812,481,769,933
France,876,598,566,751,787,360,160,660,595,291,318,494,461,332,710,761,689,443,425,473,340,110,77,333,93,96,72,169,545,286,485,721,529,332,288,429,366,184,84,510,276,221,132,442,455,266,537,688,697,594,419,611,537,206,109,534,615,536,549,841,860,501,809,990
France,867,592,558,745,779,357,157,646,586,289,313,488,455,330,706,756,675,439,421,470,339,107,75,326,93,95,71,166,541,275,481,707,524,326,284,428,359,181,84,503,275,217,128,434,452,264,525,677,696,582,413,604,528,202,109,529,609,526,542,830,847,498,795,980
France,870,587,555,742,770,351,159,644,582,288,309,489,454,330,695,752,680,434,414,461,330,105,76,325,93,95,72,167,532,282,476,699,520,325,282,425,359,184,83,500,274,216,127,429,453,256,521,670,684,578,417,603,530,196,109,520,604,527,538,815,843,486,792,976
France,846,577,544,717,759,352,156,627,575,283,306,475,437,325,691,723,663,429,413,453,339,107,71,319,90,89,71,165,516,273,469,696,508,322,282,420,349,175,80,491,271,212,128,423,443,256,509,658,667,566,400,586,511,202,108,517,597,511,529,803,823,483,771,940
France,872,592,561,740,774,361,157,649,588,288,314,487,456,327,694,755,684,436,417,467,341,110,75,329,92,94,72,166,535,280,477,716,519,326,284,425,362,181,82,500,272,218,131,433,448,264,520,676,690,587,415,600,527,203,110,530,603,525,537,822,853,498,796,984
France,885,603,573,757,794,365,162,668,600,297,323,499,466,333,716,767,697,447,430,478,347,112,76,335,93,96,76,169,550,285,489,730,530,337,292,434,370,187,85,516,280,221,132,448,458,266,540,698,706,602,424,613,541,206,111,534,621,544,550,846,871,508,816,1000
France,875,597,561,752,784,360,159,658,591,288,318,488,460,330,702,761,688,445,423,468,339,110,77,332,93,95,72,168,541,287,483,718,527,328,285,426,365,183,82,505,273,222,131,435,451,265,527,682,695,591,416,607,536,205,110,534,610,530,540,834,857,502,802,992
France,874,593,564,754,785,359,157,658,592,293,317,491,467,333,712,765,687,440,423,475,339,110,78,332,94,97,71,166,545,286,487,714,527,331,288,432,366,184,82,509,277,219,131,443,454,264,533,689,697,595,418,616,535,206,111,533,616,532,551,840,860,501,807,992
France,879,598,565,754,788,361,157,659,594,292,318,495,464,336,710,762,688,441,426,475,341,112,78,330,92,97,73,169,550,280,487,717,524,333,289,430,366,184,85,510,276,219,133,443,452,266,538,693,705,593,419,613,535,204,111,535,615,537,547,842,864,502,806,995
Germany,889,610,579,759,806,368,161,673,601,300,325,504,471,338,722,772,700,454,433,485,347,112,77,337,93,97,75,170,558,287,493,735,534,336,294,437,373,187,85,520,282,223,133,452,463,271,550,698,714,608,424,622,546,206,112,543,626,545,557,856,876,510,819,1004
Germany,882,607,575,759,795,367,161,673,594,295,324,504,467,330,711,770,695,451,427,475,344,113,77,337,92,95,75,170,553,279,490,729,534,335,292,426,368,187,84,511,281,222,133,449,462,268,547,698,712,602,423,618,541,205,110,530,620,538,553,852,873,509,815,1005
Germany,879,598,570,751,788,362,162,662,589,294,321,494,461,333,718,753,690,449,423,470,341,113,78,337,93,96,72,172,550,280,488,721,526,331,286,430,366,188,84,512,277,221,132,448,458,267,545,695,703,596,419,614,537,206,109,528,614,539,553,851,862,500,806,989
Germany,867,583,563,730,773,360,156,642,573,286,310,480,449,325,687,742,674,438,411,464,339,108,71,328,86,92,71,165,535,272,475,703,513,323,276,420,351,179,81,502,270,212,128,438,438,257,523,666,688,587,399,589,524,199,106,514,603,523,539,801,841,489,781,957
Germany,865,587,567,741,781,356,159,652,587,292,318,489,452,329,712,749,685,439,420,469,334,112,77,334,89,96,74,170,545,279,477,715,521,329,282,426,363,186,84,510,274,218,130,444,458,265,542,681,689,593,417,606,535,203,109,520,608,537,544,843,851,494,800,974
Germany,859,584,557,736,778,357,157,654,578,291,318,488,454,326,698,744,673,443,421,470,336,108,75,332,88,93,71,169,546,283,478,709,513,326,289,419,359,185,80,507,274,217,132,440,446,258,534,672,691,593,408,597,534,201,109,523,607,530,542,813,843,500,781,977
Germany,860,582,557,730,767,356,155,647,570,291,308,484,451,321,694,738,663,436,417,464,334,110,73,328,88,94,72,166,539,271,479,702,514,324,277,417,355,180,85,501,268,213,128,436,441,264,524,674,692,583,402,593,524,199,107,516,606,523,537,817,839,490,785,946
Mongolia,924,612,577,767,803,370,162,675,600,302,326,504,474,340,724,776,700,454,431,486,350,115,78,338,95,96,75,171,560,288,493,738,536,335,296,438,372,189,84,521,282,223,135,453,465,271,554,697,720,609,428,623,546,207,113,545,628,545,557,859,881,512,818,1013
Mongolia,922,610,575,764,801,368,160,672,600,297,327,506,472,341,722,772,699,451,433,483,351,115,76,337,94,97,75,168,558,286,491,734,533,333,296,437,372,187,85,517,281,224,134,452,466,267,552,699,718,607,426,623,542,208,113,543,624,543,555,858,878,512,815,1007
Mongolia,925,612,578,765,804,370,163,673,602,301,326,505,473,340,723,775,701,453,432,485,347,115,77,337,95,97,75,171,558,287,494,738,536,336,296,438,373,186,85,522,282,223,134,453,466,271,553,699,719,608,428,623,547,205,113,545,627,545,557,860,881,512,819,1009
Mongolia,925,611,575,765,799,370,164,675,598,302,325,502,472,340,721,775,700,453,430,483,349,115,78,338,95,96,75,173,557,288,493,737,534,335,294,438,372,189,84,518,282,222,134,453,465,270,554,697,717,609,428,622,546,206,113,544,626,543,557,858,882,511,816,1011
Mongolia,923,612,576,763,803,369,160,674,601,299,328,505,472,341,723,773,698,453,433,483,350,115,77,337,93,98,74,168,560,286,492,738,535,333,295,440,372,187,84,520,282,224,134,452,466,268,552,698,719,607,429,623,542,208,112,545,627,542,556,859,880,512,817,1006
Mongolia,924,615,577,765,804,370,163,674,601,299,330,506,473,343,722,774,700,454,435,482,351,115,77,339,93,98,75,171,560,286,493,741,535,334,295,440,372,188,85,521,282,225,134,454,468,269,553,701,722,608,429,625,544,209,112,546,628,544,556,860,883,513,820,1010
Mongolia,925,612,577,764,802,370,162,675,602,302,325,505,472,339,724,776,699,453,432,486,350,115,78,339,95,97,75,171,558,286,494,736,536,335,296,438,373,190,85,517,282,223,134,454,466,271,553,701,719,608,429,623,545,207,113,543,626,543,559,861,883,512,818,1013
Mongolia,925,613,578,764,803,370,163,675,601,302,326,504,475,340,722,776,701,453,431,487,350,115,78,338,95,96,75,172,559,288,493,738,536,335,296,437,372,189,84,520,282,223,134,453,464,272,553,698,719,609,428,625,547,207,113,545,626,544,557,858,883,512,817,1013
Mongolia,927,612,578,766,805,370,163,674,602,301,327,506,472,340,724,776,702,454,433,485,349,113,77,339,94,97,76,171,561,288,491,737,536,335,296,438,373,186,85,520,282,223,134,455,466,273,554,702,719,611,429,623,547,209,113,544,627,543,557,863,882,512,821,1014
Indonesia,855,581,559,727,765,349,147,647,576,285,305,476,447,316,704,744,676,427,402,460,327,110,68,326,81,88,72,157,530,270,471,711,508,322,278,421,350,175,82,497,262,213,128,441,443,254,520,672,683,578,403,603,523,197,101,512,610,518,539,815,847,493,787,963
Indonesia,854,585,559,722,772,350,158,649,584,291,311,483,440,326,693,729,680,433,419,457,326,107,76,323,89,95,74,163,533,274,475,707,516,323,289,418,366,182,80,497,269,213,128,424,442,256,525,669,670,588,402,591,525,193,107,520,605,526,521,821,836,489,780,941
Indonesia,890,610,577,758,802,371,164,674,598,297,325,505,469,336,720,769,698,455,435,482,349,109,76,337,94,98,76,170,554,286,490,736,534,337,292,435,373,186,86,517,280,223,132,453,464,268,550,699,714,609,421,619,546,205,112,537,626,544,555,853,876,510,818,1005
Indonesia,887,608,577,757,802,370,163,673,598,298,325,505,469,333,720,770,698,454,435,481,347,109,76,337,93,98,75,170,553,284,486,737,533,337,292,435,372,185,86,516,281,219,131,454,465,269,544,699,712,609,422,619,547,205,111,534,625,543,554,848,875,511,820,1002
Indonesia,890,610,577,758,802,370,164,676,599,297,324,507,469,336,720,769,698,455,435,482,349,109,76,335,94,97,76,170,554,287,490,738,534,338,291,436,372,185,86,518,280,223,132,452,465,269,547,699,714,609,423,618,547,205,111,540,626,544,555,851,876,511,819,1003
Indonesia,890,610,577,758,802,370,164,675,599,298,325,505,469,336,720,769,698,455,435,482,348,109,76,337,94,98,76,170,554,287,491,737,534,337,292,436,373,186,86,518,280,223,132,453,464,269,550,699,714,609,422,618,547,205,112,539,626,544,555,854,876,511,818,1002
Indonesia,475,339,311,403,448,188,92,370,328,164,181,272,251,188,399,418,370,272,232,260,176,55,50,188,58,62,46,101,313,164,290,394,292,177,169,246,220,113,52,301,153,131,78,251,259,157,308,350,392,310,232,347,290,113,73,302,345,329,308,450,458,269,435,548
Indonesia,886,606,575,759,803,367,162,673,597,299,325,501,470,336,721,772,698,453,432,483,347,112,77,335,93,97,74,171,555,284,488,733,531,337,292,437,371,186,85,515,281,220,132,453,464,270,545,697,712,609,422,620,545,206,111,537,626,541,555,851,874,509,819,1003
Indonesia,887,608,577,757,801,369,163,673,598,298,325,505,469,334,719,770,697,452,435,482,348,108,76,337,93,99,75,170,554,284,486,735,533,337,292,435,372,186,87,515,281,221,132,453,464,268,547,698,713,609,421,618,545,206,111,534,625,542,555,849,874,510,819,1003
Indonesia,887,605,577,760,801,367,162,672,597,299,324,502,472,336,720,773,698,452,432,482,347,112,77,335,93,97,74,171,555,283,487,734,533,336,292,435,372,186,85,515,280,221,132,452,463,270,546,697,712,609,421,624,544,206,111,537,626,541,555,851,875,509,820,1002
Indonesia,890,608,577,760,801,371,164,673,599,298,325,505,470,336,719,770,698,456,435,480,349,109,76,337,94,98,76,170,554,287,490,735,534,337,292,436,373,186,86,517,280,223,132,451,465,268,549,698,714,608,422,619,546,205,112,539,626,543,553,854,874,511,818,1002
Brazil,890,606,578,760,794,366,163,671,598,298,323,499,469,332,720,769,696,452,430,476,346,113,77,334,94,97,74,171,552,287,491,728,533,334,292,437,373,186,85,515,280,223,133,446,458,270,545,694,715,602,418,617,541,205,111,538,624,541,552,851,874,506,812,1002
Brazil,872,597,567,747,774,356,161,660,591,295,317,486,460,326,702,759,689,439,421,464,340,111,76,325,92,96,75,168,539,280,481,722,526,327,290,430,366,184,83,508,277,217,131,438,447,265,534,682,696,588,411,606,533,201,111,529,613,533,540,836,856,503,805,984
Brazil,890,606,578,760,794,366,164,671,598,298,323,498,469,334,719,768,696,453,429,477,346,113,77,334,94,97,75,171,552,286,491,730,533,335,292,436,373,186,85,515,280,223,133,446,459,270,545,693,715,601,418,617,542,205,111,539,624,541,551,852,872,507,813,998
Brazil,882,599,565,755,788,359,160,661,592,294,319,491,461,333,715,764,688,444,426,479,341,112,77,329,94,97,72,169,547,282,488,721,523,333,290,429,369,184,85,510,279,222,132,437,453,270,534,687,708,592,415,610,539,204,110,538,610,535,547,847,865,506,802,994
Brazil,864,587,554,744,763,349,159,652,585,294,311,478,454,325,697,753,679,432,419,462,336,110,76,320,91,96,72,168,534,276,479,714,516,325,288,423,364,183,82,502,275,216,129,430,442,264,524,675,690,579,407,600,529,200,110,529,601,525,538,829,847,503,793,978
Brazil,882,599,563,757,790,359,160,660,591,294,318,491,460,333,717,763,690,445,426,478,341,112,77,329,92,97,72,168,545,281,488,725,522,333,290,429,369,184,84,511,279,221,132,436,453,270,535,686,707,592,415,609,539,204,108,539,612,536,546,849,866,506,803,996
Brazil,890,606,578,760,793,366,164,670,598,298,322,500,470,334,719,768,696,451,428,478,346,113,77,335,94,97,75,171,552,286,490,730,533,334,292,436,373,186,85,514,279,223,133,446,460,269,545,696,715,602,420,617,541,206,111,539,624,540,551,853,873,508,814,998
Brazil,888,606,578,760,795,366,164,670,598,297,324,499,468,334,719,769,696,453,430,477,346,111,76,335,94,97,75,171,553,287,490,729,533,335,292,436,373,186,85,515,281,224,133,446,459,270,545,693,715,601,418,617,542,205,112,539,623,541,552,851,872,507,813,998
Brazil,879,594,564,747,774,359,162,653,589,292,314,490,462,330,707,756,680,438,423,475,340,111,75,325,90,96,72,171,541,280,479,716,521,331,288,424,366,181,82,503,277,218,129,435,450,267,535,683,704,585,410,609,536,200,110,535,608,526,544,839,856,504,796,988
Brazil,890,606,578,760,794,366,164,670,598,297,323,500,469,334,719,768,696,452,430,476,346,113,77,335,94,97,75,171,551,286,491,728,533,335,292,436,372,186,85,514,280,223,133,446,460,269,545,696,715,601,418,618,542,206,111,537,624,540,551,853,873,507,813,1001
Brazil,890,605,578,761,795,365,163,670,598,298,323,499,468,335,719,768,697,453,430,477,346,114,77,333,94,97,75,170,551,286,491,730,533,335,292,436,373,186,85,515,280,223,133,445,459,270,545,693,714,600,418,616,543,205,111,540,624,541,550,853,871,508,813,997
Brazil,891,606,577,761,797,367,164,670,598,298,323,499,467,333,719,768,698,453,431,476,347,113,77,335,94,97,75,171,552,286,490,730,533,337,292,434,372,186,85,515,280,223,133,446,459,270,545,694,713,602,418,616,542,206,111,538,624,540,551,852,872,508,813,998
Brazil,873,597,565,746,781,362,165,661,589,296,319,494,468,330,714,756,684,450,425,474,343,115,74,332,95,94,73,168,543,284,482,719,523,327,291,428,367,186,85,507,276,218,132,448,457,266,539,687,700,595,417,620,542,202,106,528,609,537,550,839,864,498,800,981